areaType,areaName,areaCode,date,newCasesBySpecimenDate,cumCasesBySpecimenDate,newDeaths28DaysByDeathDate
nation,England,E92000001,2021-04-15,694,3830891,5
nation,England,E92000001,2021-04-14,1639,3830197,6
nation,England,E92000001,2021-04-13,1757,3828558,13
nation,England,E92000001,2021-04-12,2305,3826801,20
nation,England,E92000001,2021-04-11,1951,3824496,15
nation,England,E92000001,2021-04-10,1854,3822545,18
nation,England,E92000001,2021-04-09,2335,3820691,15
nation,England,E92000001,2021-04-08,2478,3818356,29
nation,England,E92000001,2021-04-07,2613,3815878,21
nation,England,E92000001,2021-04-06,2574,3813265,21
nation,England,E92000001,2021-04-05,2189,3810691,10
nation,England,E92000001,2021-04-04,1903,3808502,23
nation,England,E92000001,2021-04-03,1988,3806599,27
nation,England,E92000001,2021-04-02,2110,3804611,19
nation,England,E92000001,2021-04-01,2860,3802501,25
nation,England,E92000001,2021-03-31,3117,3799641,35
nation,England,E92000001,2021-03-30,2917,3796524,36
nation,England,E92000001,2021-03-29,3188,3793607,26
nation,England,E92000001,2021-03-28,4077,3790419,25
nation,England,E92000001,2021-03-27,2928,3786342,28
nation,England,E92000001,2021-03-26,3612,3783414,41
nation,England,E92000001,2021-03-25,4441,3779802,37
nation,England,E92000001,2021-03-24,5108,3775361,32
nation,England,E92000001,2021-03-23,4332,3770253,46
nation,England,E92000001,2021-03-22,5139,3765921,56
nation,England,E92000001,2021-03-21,4513,3760782,69
nation,England,E92000001,2021-03-20,3362,3756269,60
nation,England,E92000001,2021-03-19,4136,3752907,52
nation,England,E92000001,2021-03-18,4520,3748771,53
nation,England,E92000001,2021-03-17,4849,3744251,64
nation,England,E92000001,2021-03-16,4740,3739402,64
nation,England,E92000001,2021-03-15,5439,3734662,84
nation,England,E92000001,2021-03-14,3581,3729223,78
nation,England,E92000001,2021-03-13,3449,3725642,97
nation,England,E92000001,2021-03-12,4610,3722193,82
nation,England,E92000001,2021-03-11,4685,3717583,105
nation,England,E92000001,2021-03-10,5002,3712898,96
nation,England,E92000001,2021-03-09,5210,3707896,115
nation,England,E92000001,2021-03-08,5565,3702686,121
nation,England,E92000001,2021-03-07,3528,3697121,112
nation,England,E92000001,2021-03-06,3699,3693593,129
nation,England,E92000001,2021-03-05,4553,3689894,155
nation,England,E92000001,2021-03-04,4789,3685341,130
nation,England,E92000001,2021-03-03,5094,3680552,126
nation,England,E92000001,2021-03-02,5679,3675458,154
nation,England,E92000001,2021-03-01,5891,3669779,191
nation,England,E92000001,2021-02-28,3953,3663888,197
nation,England,E92000001,2021-02-27,4101,3659935,194
nation,England,E92000001,2021-02-26,5664,3655834,192
nation,England,E92000001,2021-02-25,6611,3650170,219
nation,England,E92000001,2021-02-24,7288,3643559,236
nation,England,E92000001,2021-02-23,8145,3636271,254
nation,England,E92000001,2021-02-22,9851,3628126,244
nation,England,E92000001,2021-02-21,6799,3618275,284
nation,England,E92000001,2021-02-20,6890,3611476,297
nation,England,E92000001,2021-02-19,8882,3604586,316
nation,England,E92000001,2021-02-18,9902,3595704,366
nation,England,E92000001,2021-02-17,10022,3585802,381
nation,England,E92000001,2021-02-16,10815,3575780,394
nation,England,E92000001,2021-02-15,12462,3564965,460
nation,England,E92000001,2021-02-14,7529,3552503,433
nation,England,E92000001,2021-02-13,7739,3544974,431
nation,England,E92000001,2021-02-12,10566,3537235,450
nation,England,E92000001,2021-02-11,11225,3526669,507
nation,England,E92000001,2021-02-10,11835,3515444,541
nation,England,E92000001,2021-02-09,12244,3503609,533
nation,England,E92000001,2021-02-08,13840,3491365,621
nation,England,E92000001,2021-02-07,10136,3477525,563
nation,England,E92000001,2021-02-06,10581,3467389,606
nation,England,E92000001,2021-02-05,13971,3456808,674
nation,England,E92000001,2021-02-04,16152,3442837,650
nation,England,E92000001,2021-02-03,17407,3426685,778
nation,England,E92000001,2021-02-02,17657,3409278,757
nation,England,E92000001,2021-02-01,20103,3391621,798
nation,England,E92000001,2021-01-31,13707,3371518,810
nation,England,E92000001,2021-01-30,14997,3357811,830
nation,England,E92000001,2021-01-29,19685,3342814,947
nation,England,E92000001,2021-01-28,21844,3323129,1015
nation,England,E92000001,2021-01-27,23236,3301285,1007
nation,England,E92000001,2021-01-26,24433,3278049,956
nation,England,E92000001,2021-01-25,27100,3253616,1070
nation,England,E92000001,2021-01-24,15456,3226516,1040
nation,England,E92000001,2021-01-23,19875,3211060,1056
nation,England,E92000001,2021-01-22,26897,3191185,1115
nation,England,E92000001,2021-01-21,28752,3164288,1133
nation,England,E92000001,2021-01-20,31750,3135536,1172
nation,England,E92000001,2021-01-19,35968,3103786,1246
nation,England,E92000001,2021-01-18,40722,3067818,1171
nation,England,E92000001,2021-01-17,26206,3027096,1165
nation,England,E92000001,2021-01-16,27655,3000890,1166
nation,England,E92000001,2021-01-15,36788,2973235,1101
nation,England,E92000001,2021-01-14,38514,2936447,1089
nation,England,E92000001,2021-01-13,41150,2897933,1098
nation,England,E92000001,2021-01-12,44669,2856783,1089
nation,England,E92000001,2021-01-11,51993,2812114,1006
nation,England,E92000001,2021-01-10,32848,2760121,979
nation,England,E92000001,2021-01-09,35441,2727273,925
nation,England,E92000001,2021-01-08,42331,2691832,888
nation,England,E92000001,2021-01-07,46821,2649501,886
nation,England,E92000001,2021-01-06,51308,2602680,824
nation,England,E92000001,2021-01-05,58032,2551372,820
nation,England,E92000001,2021-01-04,69079,2493340,756
nation,England,E92000001,2021-01-03,49493,2424261,649
nation,England,E92000001,2021-01-02,54154,2374768,670
nation,England,E92000001,2021-01-01,28219,2320614,641
nation,England,E92000001,2020-12-31,46674,2292395,649
nation,England,E92000001,2020-12-30,62886,2245721,626
nation,England,E92000001,2020-12-29,72504,2182835,579
nation,England,E92000001,2020-12-28,40025,2110331,589
nation,England,E92000001,2020-12-27,42439,2070306,571
nation,England,E92000001,2020-12-26,36698,2027867,569
nation,England,E92000001,2020-12-25,12673,1991169,533
nation,England,E92000001,2020-12-24,28703,1978496,486
nation,England,E92000001,2020-12-23,37625,1949793,485
nation,England,E92000001,2020-12-22,40896,1912168,491
nation,England,E92000001,2020-12-21,42595,1871272,494
nation,England,E92000001,2020-12-20,28940,1828677,429
nation,England,E92000001,2020-12-19,21741,1799737,410
nation,England,E92000001,2020-12-18,31838,1777996,433
nation,England,E92000001,2020-12-17,29599,1746158,440
nation,England,E92000001,2020-12-16,30128,1716559,355
nation,England,E92000001,2020-12-15,29103,1686431,387
nation,England,E92000001,2020-12-14,29518,1657328,415
nation,England,E92000001,2020-12-13,18129,1627810,362
nation,England,E92000001,2020-12-12,16031,1609681,374
nation,England,E92000001,2020-12-11,19862,1593650,398
nation,England,E92000001,2020-12-10,18546,1573788,376
nation,England,E92000001,2020-12-09,17456,1555242,374
nation,England,E92000001,2020-12-08,16665,1537786,375
nation,England,E92000001,2020-12-07,17393,1521121,357
nation,England,E92000001,2020-12-06,10867,1503728,352
nation,England,E92000001,2020-12-05,10140,1492861,343
nation,England,E92000001,2020-12-04,12879,1482721,412
nation,England,E92000001,2020-12-03,12532,1469842,403
nation,England,E92000001,2020-12-02,13440,1457310,336
nation,England,E92000001,2020-12-01,13508,1443870,347
nation,England,E92000001,2020-11-30,15027,1430362,363
nation,England,E92000001,2020-11-29,8909,1415335,399
nation,England,E92000001,2020-11-28,9207,1406426,383
nation,England,E92000001,2020-11-27,12248,1397219,365
nation,England,E92000001,2020-11-26,12267,1384971,369
nation,England,E92000001,2020-11-25,13926,1372704,423
nation,England,E92000001,2020-11-24,14021,1358778,406
nation,England,E92000001,2020-11-23,16199,1344757,401
nation,England,E92000001,2020-11-22,10035,1328558,406
nation,England,E92000001,2020-11-21,10615,1318523,396
nation,England,E92000001,2020-11-20,14685,1307908,389
nation,England,E92000001,2020-11-19,15500,1293223,397
nation,England,E92000001,2020-11-18,18223,1277723,436
nation,England,E92000001,2020-11-17,20336,1259500,363
nation,England,E92000001,2020-11-16,23726,1239164,359
nation,England,E92000001,2020-11-15,14216,1215438,382
nation,England,E92000001,2020-11-14,16029,1201222,358
nation,England,E92000001,2020-11-13,21650,1185193,357
nation,England,E92000001,2020-11-12,21960,1163543,351
nation,England,E92000001,2020-11-11,24639,1141583,312
nation,England,E92000001,2020-11-10,24475,1116944,319
nation,England,E92000001,2020-11-09,28097,1092469,401
nation,England,E92000001,2020-11-08,17968,1064372,339
nation,England,E92000001,2020-11-07,16626,1046404,333
nation,England,E92000001,2020-11-06,20827,1029778,333
nation,England,E92000001,2020-11-05,20871,1008951,302
nation,England,E92000001,2020-11-04,20694,988080,277
nation,England,E92000001,2020-11-03,22311,967386,291
nation,England,E92000001,2020-11-02,27927,945075,284
nation,England,E92000001,2020-11-01,13371,917148,286
nation,England,E92000001,2020-10-31,14352,903777,276
nation,England,E92000001,2020-10-30,19645,889425,280
nation,England,E92000001,2020-10-29,19983,869780,249
nation,England,E92000001,2020-10-28,20235,849797,238
nation,England,E92000001,2020-10-27,20490,829562,218
nation,England,E92000001,2020-10-26,22760,809072,221
nation,England,E92000001,2020-10-25,13165,786312,206
nation,England,E92000001,2020-10-24,13521,773147,171
nation,England,E92000001,2020-10-23,18114,759626,188
nation,England,E92000001,2020-10-22,19622,741512,187
nation,England,E92000001,2020-10-21,21494,721890,191
nation,England,E92000001,2020-10-20,21345,700396,171
nation,England,E92000001,2020-10-19,22114,679051,159
nation,England,E92000001,2020-10-18,11862,656937,120
nation,England,E92000001,2020-10-17,12359,645075,160
nation,England,E92000001,2020-10-16,14550,632716,123
nation,England,E92000001,2020-10-15,15246,618166,124
nation,England,E92000001,2020-10-14,16448,602920,101
nation,England,E92000001,2020-10-13,15441,586472,87
nation,England,E92000001,2020-10-12,16196,571031,96
nation,England,E92000001,2020-10-11,9657,554835,103
nation,England,E92000001,2020-10-10,10155,545178,90
nation,England,E92000001,2020-10-09,13013,535023,67
nation,England,E92000001,2020-10-08,15269,522010,75
nation,England,E92000001,2020-10-07,15207,506741,81
nation,England,E92000001,2020-10-06,14292,491534,62
nation,England,E92000001,2020-10-05,14037,477242,59
nation,England,E92000001,2020-10-04,9832,463205,54
nation,England,E92000001,2020-10-03,9708,453373,55
nation,England,E92000001,2020-10-02,11578,443665,63
nation,England,E92000001,2020-10-01,11306,432087,56
nation,England,E92000001,2020-09-30,10522,420781,48
nation,England,E92000001,2020-09-29,8718,410259,43
nation,England,E92000001,2020-09-28,8586,401541,47
nation,England,E92000001,2020-09-27,6024,392955,42
nation,England,E92000001,2020-09-26,5653,386931,35
nation,England,E92000001,2020-09-25,6038,381278,29
nation,England,E92000001,2020-09-24,6295,375240,33
nation,England,E92000001,2020-09-23,5892,368945,52
nation,England,E92000001,2020-09-22,5364,363053,34
nation,England,E92000001,2020-09-21,4704,357689,24
nation,England,E92000001,2020-09-20,4627,352985,27
nation,England,E92000001,2020-09-19,4178,348358,18
nation,England,E92000001,2020-09-18,4274,344180,21
nation,England,E92000001,2020-09-17,3944,339906,24
nation,England,E92000001,2020-09-16,3747,335962,22
nation,England,E92000001,2020-09-15,3037,332215,15
nation,England,E92000001,2020-09-14,2902,329178,17
nation,England,E92000001,2020-09-13,1710,326276,14
nation,England,E92000001,2020-09-12,2209,324566,18
nation,England,E92000001,2020-09-11,2859,322357,10
nation,England,E92000001,2020-09-10,3096,319498,12
nation,England,E92000001,2020-09-09,2851,316402,9
nation,England,E92000001,2020-09-08,3004,313551,9
nation,England,E92000001,2020-09-07,3463,310547,13
nation,England,E92000001,2020-09-06,2058,307084,8
nation,England,E92000001,2020-09-05,2189,305026,12
nation,England,E92000001,2020-09-04,2590,302837,6
nation,England,E92000001,2020-09-03,2665,300247,6
nation,England,E92000001,2020-09-02,2616,297582,8
nation,England,E92000001,2020-09-01,1927,294966,2
nation,England,E92000001,2020-08-31,1259,293039,7
nation,England,E92000001,2020-08-30,977,291780,6
nation,England,E92000001,2020-08-29,1041,290803,5
nation,England,E92000001,2020-08-28,1384,289762,8
nation,England,E92000001,2020-08-27,1325,288378,8
nation,England,E92000001,2020-08-26,1137,287053,11
nation,England,E92000001,2020-08-25,1059,285916,11
nation,England,E92000001,2020-08-24,1132,284857,5
nation,England,E92000001,2020-08-23,695,283725,13
nation,England,E92000001,2020-08-22,715,283030,6
nation,England,E92000001,2020-08-21,1007,282315,7
nation,England,E92000001,2020-08-20,1218,281308,8
nation,England,E92000001,2020-08-19,1071,280090,2
nation,England,E92000001,2020-08-18,925,279019,7
nation,England,E92000001,2020-08-17,1135,278094,12
nation,England,E92000001,2020-08-16,529,276959,4
nation,England,E92000001,2020-08-15,643,276430,11
nation,England,E92000001,2020-08-14,1036,275787,6
nation,England,E92000001,2020-08-13,1019,274751,7
nation,England,E92000001,2020-08-12,1096,273732,6
nation,England,E92000001,2020-08-11,1211,272636,10
nation,England,E92000001,2020-08-10,1351,271425,11
nation,England,E92000001,2020-08-09,556,270074,8
nation,England,E92000001,2020-08-08,636,269518,11
nation,England,E92000001,2020-08-07,864,268882,7
nation,England,E92000001,2020-08-06,979,268018,9
nation,England,E92000001,2020-08-05,940,267039,3
nation,England,E92000001,2020-08-04,918,266099,10
nation,England,E92000001,2020-08-03,935,265181,14
nation,England,E92000001,2020-08-02,511,264246,8
nation,England,E92000001,2020-08-01,493,263735,9
nation,England,E92000001,2020-07-31,625,263242,10
nation,England,E92000001,2020-07-30,856,262617,8
nation,England,E92000001,2020-07-29,971,261761,8
nation,England,E92000001,2020-07-28,780,260790,10
nation,England,E92000001,2020-07-27,810,260010,10
nation,England,E92000001,2020-07-26,514,259200,14
nation,England,E92000001,2020-07-25,493,258686,13
nation,England,E92000001,2020-07-24,711,258193,6
nation,England,E92000001,2020-07-23,732,257482,16
nation,England,E92000001,2020-07-22,750,256750,16
nation,England,E92000001,2020-07-21,689,256000,19
nation,England,E92000001,2020-07-20,753,255311,12
nation,England,E92000001,2020-07-19,413,254558,14
nation,England,E92000001,2020-07-18,466,254145,14
nation,England,E92000001,2020-07-17,547,253679,18
nation,England,E92000001,2020-07-16,639,253132,12
nation,England,E92000001,2020-07-15,724,252493,20
nation,England,E92000001,2020-07-14,649,251769,20
nation,England,E92000001,2020-07-13,689,251120,22
nation,England,E92000001,2020-07-12,352,250431,12
nation,England,E92000001,2020-07-11,419,250079,20
nation,England,E92000001,2020-07-10,518,249660,21
nation,England,E92000001,2020-07-09,680,249142,35
nation,England,E92000001,2020-07-08,673,248462,23
nation,England,E92000001,2020-07-07,558,247789,26
nation,England,E92000001,2020-07-06,654,247231,33
nation,England,E92000001,2020-07-05,539,246577,24
nation,England,E92000001,2020-07-04,383,246038,31
nation,England,E92000001,2020-07-03,536,245655,26
nation,England,E92000001,2020-07-02,559,245119,40
nation,England,E92000001,2020-07-01,605,244560,22
nation,England,E92000001,2020-06-30,572,243955,43
nation,England,E92000001,2020-06-29,665,243383,34
nation,England,E92000001,2020-06-28,411,242718,42
nation,England,E92000001,2020-06-27,502,242307,39
nation,England,E92000001,2020-06-26,642,241805,37
nation,England,E92000001,2020-06-25,638,241163,58
nation,England,E92000001,2020-06-24,727,240525,68
nation,England,E92000001,2020-06-23,729,239798,61
nation,England,E92000001,2020-06-22,812,239069,58
nation,England,E92000001,2020-06-21,551,238257,47
nation,England,E92000001,2020-06-20,625,237706,54
nation,England,E92000001,2020-06-19,807,237081,47
nation,England,E92000001,2020-06-18,943,236274,57
nation,England,E92000001,2020-06-17,910,235331,53
nation,England,E92000001,2020-06-16,992,234421,69
nation,England,E92000001,2020-06-15,941,233429,61
nation,England,E92000001,2020-06-14,744,232488,76
nation,England,E92000001,2020-06-13,784,231744,53
nation,England,E92000001,2020-06-12,938,230960,73
nation,England,E92000001,2020-06-11,916,230022,71
nation,England,E92000001,2020-06-10,1082,229106,97
nation,England,E92000001,2020-06-09,1058,228024,85
nation,England,E92000001,2020-06-08,987,226966,111
nation,England,E92000001,2020-06-07,663,225979,112
nation,England,E92000001,2020-06-06,721,225316,99
nation,England,E92000001,2020-06-05,1019,224595,109
nation,England,E92000001,2020-06-04,1142,223576,121
nation,England,E92000001,2020-06-03,1238,222434,138
nation,England,E92000001,2020-06-02,1350,221196,156
nation,England,E92000001,2020-06-01,1315,219846,122
nation,England,E92000001,2020-05-31,987,218531,112
nation,England,E92000001,2020-05-30,999,217544,145
nation,England,E92000001,2020-05-29,1373,216545,163
nation,England,E92000001,2020-05-28,1572,215172,182
nation,England,E92000001,2020-05-27,1612,213600,171
nation,England,E92000001,2020-05-26,1454,211988,188
nation,England,E92000001,2020-05-25,1379,210534,176
nation,England,E92000001,2020-05-24,1199,209155,169
nation,England,E92000001,2020-05-23,1302,207956,200
nation,England,E92000001,2020-05-22,1792,206654,195
nation,England,E92000001,2020-05-21,2274,204862,201
nation,England,E92000001,2020-05-20,2344,202588,234
nation,England,E92000001,2020-05-19,2586,200244,231
nation,England,E92000001,2020-05-18,2211,197658,253
nation,England,E92000001,2020-05-17,1588,195447,223
nation,England,E92000001,2020-05-16,1772,193859,268
nation,England,E92000001,2020-05-15,2131,192087,269
nation,England,E92000001,2020-05-14,2212,189956,277
nation,England,E92000001,2020-05-13,2882,187744,256
nation,England,E92000001,2020-05-12,2918,184862,275
nation,England,E92000001,2020-05-11,3063,181944,260
nation,England,E92000001,2020-05-10,2003,178881,300
nation,England,E92000001,2020-05-09,1794,176878,330
nation,England,E92000001,2020-05-08,2617,175084,330
nation,England,E92000001,2020-05-07,3203,172467,399
nation,England,E92000001,2020-05-06,3262,169264,392
nation,England,E92000001,2020-05-05,3137,166002,391
nation,England,E92000001,2020-05-04,2837,162865,412
nation,England,E92000001,2020-05-03,2628,160028,387
nation,England,E92000001,2020-05-02,2748,157400,424
nation,England,E92000001,2020-05-01,4087,154652,479
nation,England,E92000001,2020-04-30,4307,150565,484
nation,England,E92000001,2020-04-29,4725,146258,492
nation,England,E92000001,2020-04-28,4117,141533,499
nation,England,E92000001,2020-04-27,4028,137416,506
nation,England,E92000001,2020-04-26,3137,133388,560
nation,England,E92000001,2020-04-25,3371,130251,556
nation,England,E92000001,2020-04-24,4349,126880,603
nation,England,E92000001,2020-04-23,4553,122531,593
nation,England,E92000001,2020-04-22,4799,117978,643
nation,England,E92000001,2020-04-21,3979,113179,650
nation,England,E92000001,2020-04-20,3684,109200,685
nation,England,E92000001,2020-04-19,3474,105516,686
nation,England,E92000001,2020-04-18,4112,102042,706
nation,England,E92000001,2020-04-17,4065,97930,743
nation,England,E92000001,2020-04-16,4346,93865,753
nation,England,E92000001,2020-04-15,4218,89519,785
nation,England,E92000001,2020-04-14,3540,85301,770
nation,England,E92000001,2020-04-13,3429,81761,804
nation,England,E92000001,2020-04-12,2942,78332,858
nation,England,E92000001,2020-04-11,3064,75390,862
nation,England,E92000001,2020-04-10,3577,72326,850
nation,England,E92000001,2020-04-09,4060,68749,873
nation,England,E92000001,2020-04-08,4286,64689,973
nation,England,E92000001,2020-04-07,4567,60403,913
nation,England,E92000001,2020-04-06,4381,55836,804
nation,England,E92000001,2020-04-05,3080,51455,829
nation,England,E92000001,2020-04-04,3385,48375,839
nation,England,E92000001,2020-04-03,4083,44990,743
nation,England,E92000001,2020-04-02,4065,40907,732
nation,England,E92000001,2020-04-01,4127,36842,698
nation,England,E92000001,2020-03-31,3779,32715,602
nation,England,E92000001,2020-03-30,3517,28936,541
nation,England,E92000001,2020-03-29,2439,25419,465
nation,England,E92000001,2020-03-28,2370,22980,384
nation,England,E92000001,2020-03-27,2652,20610,374
nation,England,E92000001,2020-03-26,2616,17958,336
nation,England,E92000001,2020-03-25,2260,15342,278
nation,England,E92000001,2020-03-24,2027,13082,219
nation,England,E92000001,2020-03-23,2016,11055,173
nation,England,E92000001,2020-03-22,1207,9039,154
nation,England,E92000001,2020-03-21,1033,7832,116
nation,England,E92000001,2020-03-20,1086,6799,102
nation,England,E92000001,2020-03-19,929,5713,67
nation,England,E92000001,2020-03-18,908,4784,67
nation,England,E92000001,2020-03-17,679,3876,50
nation,England,E92000001,2020-03-16,545,3197,43
nation,England,E92000001,2020-03-15,396,2652,32
nation,England,E92000001,2020-03-14,315,2256,20
nation,England,E92000001,2020-03-13,392,1941,16
nation,England,E92000001,2020-03-12,414,1549,12
nation,England,E92000001,2020-03-11,353,1135,8
nation,England,E92000001,2020-03-10,227,782,3
nation,England,E92000001,2020-03-09,125,555,5
nation,England,E92000001,2020-03-08,50,430,3
nation,England,E92000001,2020-03-07,55,380,0
nation,England,E92000001,2020-03-06,73,325,0
nation,England,E92000001,2020-03-05,46,252,3
nation,England,E92000001,2020-03-04,49,206,0
nation,England,E92000001,2020-03-03,54,157,2
nation,England,E92000001,2020-03-02,38,103,1
nation,England,E92000001,2020-03-01,20,65,
nation,England,E92000001,2020-02-29,5,45,
nation,England,E92000001,2020-02-28,11,40,
nation,England,E92000001,2020-02-27,7,29,
nation,England,E92000001,2020-02-26,4,22,
nation,England,E92000001,2020-02-25,5,18,
nation,England,E92000001,2020-02-24,2,13,
nation,England,E92000001,2020-02-23,1,11,
nation,England,E92000001,2020-02-22,0,10,
nation,England,E92000001,2020-02-21,1,10,
nation,England,E92000001,2020-02-20,0,9,
nation,England,E92000001,2020-02-19,0,9,
nation,England,E92000001,2020-02-18,0,9,
nation,England,E92000001,2020-02-17,0,9,
nation,England,E92000001,2020-02-16,0,9,
nation,England,E92000001,2020-02-15,0,9,
nation,England,E92000001,2020-02-14,0,9,
nation,England,E92000001,2020-02-13,0,9,
nation,England,E92000001,2020-02-12,0,9,
nation,England,E92000001,2020-02-11,1,9,
nation,England,E92000001,2020-02-10,0,8,
nation,England,E92000001,2020-02-09,1,8,
nation,England,E92000001,2020-02-08,4,7,
nation,England,E92000001,2020-02-07,0,3,
nation,England,E92000001,2020-02-06,0,3,
nation,England,E92000001,2020-02-05,1,3,
nation,England,E92000001,2020-02-04,0,2,
nation,England,E92000001,2020-02-03,0,2,
nation,England,E92000001,2020-02-02,0,2,
nation,England,E92000001,2020-02-01,0,2,
nation,England,E92000001,2020-01-31,0,2,
nation,England,E92000001,2020-01-30,2,2,
nation,Northern Ireland,N92000002,2021-04-15,103,118851,1
nation,Northern Ireland,N92000002,2021-04-14,172,118748,2
nation,Northern Ireland,N92000002,2021-04-13,108,118576,1
nation,Northern Ireland,N92000002,2021-04-12,117,118468,0
nation,Northern Ireland,N92000002,2021-04-11,95,118351,1
nation,Northern Ireland,N92000002,2021-04-10,94,118256,1
nation,Northern Ireland,N92000002,2021-04-09,135,118162,2
nation,Northern Ireland,N92000002,2021-04-08,131,118027,1
nation,Northern Ireland,N92000002,2021-04-07,111,117896,2
nation,Northern Ireland,N92000002,2021-04-06,94,117785,1
nation,Northern Ireland,N92000002,2021-04-05,62,117691,2
nation,Northern Ireland,N92000002,2021-04-04,39,117629,1
nation,Northern Ireland,N92000002,2021-04-03,54,117590,1
nation,Northern Ireland,N92000002,2021-04-02,82,117536,2
nation,Northern Ireland,N92000002,2021-04-01,100,117454,0
nation,Northern Ireland,N92000002,2021-03-31,124,117354,0
nation,Northern Ireland,N92000002,2021-03-30,111,117230,3
nation,Northern Ireland,N92000002,2021-03-29,139,117119,2
nation,Northern Ireland,N92000002,2021-03-28,96,116980,1
nation,Northern Ireland,N92000002,2021-03-27,121,116884,1
nation,Northern Ireland,N92000002,2021-03-26,142,116763,1
nation,Northern Ireland,N92000002,2021-03-25,182,116621,0
nation,Northern Ireland,N92000002,2021-03-24,169,116439,0
nation,Northern Ireland,N92000002,2021-03-23,149,116270,0
nation,Northern Ireland,N92000002,2021-03-22,177,116121,2
nation,Northern Ireland,N92000002,2021-03-21,115,115944,3
nation,Northern Ireland,N92000002,2021-03-20,123,115829,0
nation,Northern Ireland,N92000002,2021-03-19,136,115706,1
nation,Northern Ireland,N92000002,2021-03-18,180,115570,2
nation,Northern Ireland,N92000002,2021-03-17,143,115390,1
nation,Northern Ireland,N92000002,2021-03-16,177,115247,0
nation,Northern Ireland,N92000002,2021-03-15,180,115070,2
nation,Northern Ireland,N92000002,2021-03-14,114,114890,0
nation,Northern Ireland,N92000002,2021-03-13,139,114776,0
nation,Northern Ireland,N92000002,2021-03-12,181,114637,1
nation,Northern Ireland,N92000002,2021-03-11,192,114456,4
nation,Northern Ireland,N92000002,2021-03-10,201,114264,7
nation,Northern Ireland,N92000002,2021-03-09,191,114063,6
nation,Northern Ireland,N92000002,2021-03-08,229,113872,1
nation,Northern Ireland,N92000002,2021-03-07,163,113643,2
nation,Northern Ireland,N92000002,2021-03-06,147,113480,6
nation,Northern Ireland,N92000002,2021-03-05,151,113333,1
nation,Northern Ireland,N92000002,2021-03-04,171,113182,2
nation,Northern Ireland,N92000002,2021-03-03,167,113011,4
nation,Northern Ireland,N92000002,2021-03-02,214,112844,2
nation,Northern Ireland,N92000002,2021-03-01,195,112630,2
nation,Northern Ireland,N92000002,2021-02-28,125,112435,2
nation,Northern Ireland,N92000002,2021-02-27,159,112310,2
nation,Northern Ireland,N92000002,2021-02-26,181,112151,3
nation,Northern Ireland,N92000002,2021-02-25,249,111970,4
nation,Northern Ireland,N92000002,2021-02-24,281,111721,4
nation,Northern Ireland,N92000002,2021-02-23,256,111440,2
nation,Northern Ireland,N92000002,2021-02-22,261,111184,5
nation,Northern Ireland,N92000002,2021-02-21,188,110923,5
nation,Northern Ireland,N92000002,2021-02-20,235,110735,5
nation,Northern Ireland,N92000002,2021-02-19,298,110500,2
nation,Northern Ireland,N92000002,2021-02-18,278,110202,6
nation,Northern Ireland,N92000002,2021-02-17,338,109924,5
nation,Northern Ireland,N92000002,2021-02-16,313,109586,12
nation,Northern Ireland,N92000002,2021-02-15,378,109273,5
nation,Northern Ireland,N92000002,2021-02-14,249,108895,5
nation,Northern Ireland,N92000002,2021-02-13,193,108646,8
nation,Northern Ireland,N92000002,2021-02-12,280,108453,9
nation,Northern Ireland,N92000002,2021-02-11,293,108173,12
nation,Northern Ireland,N92000002,2021-02-10,347,107880,8
nation,Northern Ireland,N92000002,2021-02-09,330,107533,3
nation,Northern Ireland,N92000002,2021-02-08,371,107203,9
nation,Northern Ireland,N92000002,2021-02-07,282,106832,8
nation,Northern Ireland,N92000002,2021-02-06,311,106550,13
nation,Northern Ireland,N92000002,2021-02-05,430,106239,9
nation,Northern Ireland,N92000002,2021-02-04,397,105809,14
nation,Northern Ireland,N92000002,2021-02-03,473,105412,5
nation,Northern Ireland,N92000002,2021-02-02,446,104939,13
nation,Northern Ireland,N92000002,2021-02-01,519,104493,15
nation,Northern Ireland,N92000002,2021-01-31,391,103974,12
nation,Northern Ireland,N92000002,2021-01-30,398,103583,14
nation,Northern Ireland,N92000002,2021-01-29,525,103185,23
nation,Northern Ireland,N92000002,2021-01-28,516,102660,16
nation,Northern Ireland,N92000002,2021-01-27,614,102144,20
nation,Northern Ireland,N92000002,2021-01-26,628,101530,12
nation,Northern Ireland,N92000002,2021-01-25,626,100902,15
nation,Northern Ireland,N92000002,2021-01-24,447,100276,13
nation,Northern Ireland,N92000002,2021-01-23,469,99829,20
nation,Northern Ireland,N92000002,2021-01-22,608,99360,13
nation,Northern Ireland,N92000002,2021-01-21,753,98752,11
nation,Northern Ireland,N92000002,2021-01-20,777,97999,19
nation,Northern Ireland,N92000002,2021-01-19,860,97222,19
nation,Northern Ireland,N92000002,2021-01-18,909,96362,21
nation,Northern Ireland,N92000002,2021-01-17,611,95453,29
nation,Northern Ireland,N92000002,2021-01-16,690,94842,20
nation,Northern Ireland,N92000002,2021-01-15,847,94152,24
nation,Northern Ireland,N92000002,2021-01-14,914,93305,26
nation,Northern Ireland,N92000002,2021-01-13,1058,92391,19
nation,Northern Ireland,N92000002,2021-01-12,1117,91333,19
nation,Northern Ireland,N92000002,2021-01-11,1264,90216,23
nation,Northern Ireland,N92000002,2021-01-10,881,88952,16
nation,Northern Ireland,N92000002,2021-01-09,999,88071,20
nation,Northern Ireland,N92000002,2021-01-08,1236,87072,10
nation,Northern Ireland,N92000002,2021-01-07,1238,85836,21
nation,Northern Ireland,N92000002,2021-01-06,1526,84598,11
nation,Northern Ireland,N92000002,2021-01-05,1619,83072,7
nation,Northern Ireland,N92000002,2021-01-04,2004,81453,13
nation,Northern Ireland,N92000002,2021-01-03,1631,79449,12
nation,Northern Ireland,N92000002,2021-01-02,1927,77818,14
nation,Northern Ireland,N92000002,2021-01-01,1248,75891,13
nation,Northern Ireland,N92000002,2020-12-31,1724,74643,10
nation,Northern Ireland,N92000002,2020-12-30,2226,72919,13
nation,Northern Ireland,N92000002,2020-12-29,2307,70693,11
nation,Northern Ireland,N92000002,2020-12-28,1389,68386,8
nation,Northern Ireland,N92000002,2020-12-27,1089,66997,14
nation,Northern Ireland,N92000002,2020-12-26,718,65908,10
nation,Northern Ireland,N92000002,2020-12-25,341,65190,7
nation,Northern Ireland,N92000002,2020-12-24,625,64849,15
nation,Northern Ireland,N92000002,2020-12-23,806,64224,15
nation,Northern Ireland,N92000002,2020-12-22,724,63418,10
nation,Northern Ireland,N92000002,2020-12-21,721,62694,17
nation,Northern Ireland,N92000002,2020-12-20,489,61973,12
nation,Northern Ireland,N92000002,2020-12-19,485,61484,15
nation,Northern Ireland,N92000002,2020-12-18,536,60999,10
nation,Northern Ireland,N92000002,2020-12-17,603,60463,14
nation,Northern Ireland,N92000002,2020-12-16,616,59860,13
nation,Northern Ireland,N92000002,2020-12-15,535,59244,6
nation,Northern Ireland,N92000002,2020-12-14,567,58709,6
nation,Northern Ireland,N92000002,2020-12-13,399,58142,5
nation,Northern Ireland,N92000002,2020-12-12,361,57743,7
nation,Northern Ireland,N92000002,2020-12-11,520,57382,9
nation,Northern Ireland,N92000002,2020-12-10,501,56862,13
nation,Northern Ireland,N92000002,2020-12-09,454,56361,9
nation,Northern Ireland,N92000002,2020-12-08,470,55907,7
nation,Northern Ireland,N92000002,2020-12-07,469,55437,17
nation,Northern Ireland,N92000002,2020-12-06,368,54968,11
nation,Northern Ireland,N92000002,2020-12-05,397,54600,12
nation,Northern Ireland,N92000002,2020-12-04,433,54203,7
nation,Northern Ireland,N92000002,2020-12-03,496,53770,6
nation,Northern Ireland,N92000002,2020-12-02,411,53274,8
nation,Northern Ireland,N92000002,2020-12-01,399,52863,7
nation,Northern Ireland,N92000002,2020-11-30,505,52464,12
nation,Northern Ireland,N92000002,2020-11-29,256,51959,8
nation,Northern Ireland,N92000002,2020-11-28,343,51703,11
nation,Northern Ireland,N92000002,2020-11-27,332,51360,11
nation,Northern Ireland,N92000002,2020-11-26,337,51028,8
nation,Northern Ireland,N92000002,2020-11-25,418,50691,10
nation,Northern Ireland,N92000002,2020-11-24,340,50273,7
nation,Northern Ireland,N92000002,2020-11-23,376,49933,8
nation,Northern Ireland,N92000002,2020-11-22,274,49557,6
nation,Northern Ireland,N92000002,2020-11-21,293,49283,8
nation,Northern Ireland,N92000002,2020-11-20,372,48990,13
nation,Northern Ireland,N92000002,2020-11-19,349,48618,13
nation,Northern Ireland,N92000002,2020-11-18,439,48269,10
nation,Northern Ireland,N92000002,2020-11-17,572,47830,11
nation,Northern Ireland,N92000002,2020-11-16,580,47258,9
nation,Northern Ireland,N92000002,2020-11-15,373,46678,13
nation,Northern Ireland,N92000002,2020-11-14,420,46305,13
nation,Northern Ireland,N92000002,2020-11-13,474,45885,11
nation,Northern Ireland,N92000002,2020-11-12,551,45411,10
nation,Northern Ireland,N92000002,2020-11-11,608,44860,13
nation,Northern Ireland,N92000002,2020-11-10,698,44252,8
nation,Northern Ireland,N92000002,2020-11-09,647,43554,10
nation,Northern Ireland,N92000002,2020-11-08,422,42907,10
nation,Northern Ireland,N92000002,2020-11-07,457,42485,7
nation,Northern Ireland,N92000002,2020-11-06,487,42028,15
nation,Northern Ireland,N92000002,2020-11-05,562,41541,7
nation,Northern Ireland,N92000002,2020-11-04,592,40979,10
nation,Northern Ireland,N92000002,2020-11-03,654,40387,12
nation,Northern Ireland,N92000002,2020-11-02,696,39733,5
nation,Northern Ireland,N92000002,2020-11-01,464,39037,10
nation,Northern Ireland,N92000002,2020-10-31,514,38573,7
nation,Northern Ireland,N92000002,2020-10-30,690,38059,9
nation,Northern Ireland,N92000002,2020-10-29,693,37369,14
nation,Northern Ireland,N92000002,2020-10-28,755,36676,9
nation,Northern Ireland,N92000002,2020-10-27,821,35921,10
nation,Northern Ireland,N92000002,2020-10-26,891,35100,11
nation,Northern Ireland,N92000002,2020-10-25,681,34209,6
nation,Northern Ireland,N92000002,2020-10-24,740,33528,8
nation,Northern Ireland,N92000002,2020-10-23,883,32788,6
nation,Northern Ireland,N92000002,2020-10-22,1078,31905,4
nation,Northern Ireland,N92000002,2020-10-21,1115,30827,6
nation,Northern Ireland,N92000002,2020-10-20,1064,29712,3
nation,Northern Ireland,N92000002,2020-10-19,1040,28648,4
nation,Northern Ireland,N92000002,2020-10-18,792,27608,7
nation,Northern Ireland,N92000002,2020-10-17,842,26816,3
nation,Northern Ireland,N92000002,2020-10-16,971,25974,2
nation,Northern Ireland,N92000002,2020-10-15,1109,25003,4
nation,Northern Ireland,N92000002,2020-10-14,1064,23894,2
nation,Northern Ireland,N92000002,2020-10-13,1085,22830,4
nation,Northern Ireland,N92000002,2020-10-12,1107,21745,5
nation,Northern Ireland,N92000002,2020-10-11,832,20638,6
nation,Northern Ireland,N92000002,2020-10-10,800,19806,0
nation,Northern Ireland,N92000002,2020-10-09,840,19006,0
nation,Northern Ireland,N92000002,2020-10-08,981,18166,0
nation,Northern Ireland,N92000002,2020-10-07,1033,17185,1
nation,Northern Ireland,N92000002,2020-10-06,803,16152,1
nation,Northern Ireland,N92000002,2020-10-05,711,15349,1
nation,Northern Ireland,N92000002,2020-10-04,614,14638,0
nation,Northern Ireland,N92000002,2020-10-03,622,14024,1
nation,Northern Ireland,N92000002,2020-10-02,698,13402,2
nation,Northern Ireland,N92000002,2020-10-01,481,12704,1
nation,Northern Ireland,N92000002,2020-09-30,643,12223,1
nation,Northern Ireland,N92000002,2020-09-29,389,11580,0
nation,Northern Ireland,N92000002,2020-09-28,296,11191,1
nation,Northern Ireland,N92000002,2020-09-27,271,10895,0
nation,Northern Ireland,N92000002,2020-09-26,268,10624,0
nation,Northern Ireland,N92000002,2020-09-25,244,10356,1
nation,Northern Ireland,N92000002,2020-09-24,282,10112,0
nation,Northern Ireland,N92000002,2020-09-23,219,9830,0
nation,Northern Ireland,N92000002,2020-09-22,170,9611,0
nation,Northern Ireland,N92000002,2020-09-21,135,9441,0
nation,Northern Ireland,N92000002,2020-09-20,124,9306,0
nation,Northern Ireland,N92000002,2020-09-19,161,9182,2
nation,Northern Ireland,N92000002,2020-09-18,168,9021,1
nation,Northern Ireland,N92000002,2020-09-17,168,8853,0
nation,Northern Ireland,N92000002,2020-09-16,132,8685,2
nation,Northern Ireland,N92000002,2020-09-15,107,8553,1
nation,Northern Ireland,N92000002,2020-09-14,119,8446,1
nation,Northern Ireland,N92000002,2020-09-13,91,8327,0
nation,Northern Ireland,N92000002,2020-09-12,106,8236,0
nation,Northern Ireland,N92000002,2020-09-11,73,8130,2
nation,Northern Ireland,N92000002,2020-09-10,79,8057,1
nation,Northern Ireland,N92000002,2020-09-09,98,7978,0
nation,Northern Ireland,N92000002,2020-09-08,56,7880,0
nation,Northern Ireland,N92000002,2020-09-07,72,7824,2
nation,Northern Ireland,N92000002,2020-09-06,103,7752,0
nation,Northern Ireland,N92000002,2020-09-05,90,7649,1
nation,Northern Ireland,N92000002,2020-09-04,130,7559,0
nation,Northern Ireland,N92000002,2020-09-03,106,7429,2
nation,Northern Ireland,N92000002,2020-09-02,90,7323,0
nation,Northern Ireland,N92000002,2020-09-01,65,7233,1
nation,Northern Ireland,N92000002,2020-08-31,54,7168,0
nation,Northern Ireland,N92000002,2020-08-30,35,7114,0
nation,Northern Ireland,N92000002,2020-08-29,43,7079,0
nation,Northern Ireland,N92000002,2020-08-28,85,7036,1
nation,Northern Ireland,N92000002,2020-08-27,78,6951,0
nation,Northern Ireland,N92000002,2020-08-26,71,6873,0
nation,Northern Ireland,N92000002,2020-08-25,65,6802,1
nation,Northern Ireland,N92000002,2020-08-24,45,6737,0
nation,Northern Ireland,N92000002,2020-08-23,52,6692,0
nation,Northern Ireland,N92000002,2020-08-22,42,6640,0
nation,Northern Ireland,N92000002,2020-08-21,80,6598,0
nation,Northern Ireland,N92000002,2020-08-20,71,6518,0
nation,Northern Ireland,N92000002,2020-08-19,41,6447,0
nation,Northern Ireland,N92000002,2020-08-18,43,6406,0
nation,Northern Ireland,N92000002,2020-08-17,53,6363,0
nation,Northern Ireland,N92000002,2020-08-16,20,6310,0
nation,Northern Ireland,N92000002,2020-08-15,22,6290,1
nation,Northern Ireland,N92000002,2020-08-14,57,6268,0
nation,Northern Ireland,N92000002,2020-08-13,51,6211,1
nation,Northern Ireland,N92000002,2020-08-12,39,6160,0
nation,Northern Ireland,N92000002,2020-08-11,38,6121,0
nation,Northern Ireland,N92000002,2020-08-10,44,6083,0
nation,Northern Ireland,N92000002,2020-08-09,25,6039,0
nation,Northern Ireland,N92000002,2020-08-08,27,6014,1
nation,Northern Ireland,N92000002,2020-08-07,16,5987,0
nation,Northern Ireland,N92000002,2020-08-06,17,5971,0
nation,Northern Ireland,N92000002,2020-08-05,29,5954,0
nation,Northern Ireland,N92000002,2020-08-04,17,5925,0
nation,Northern Ireland,N92000002,2020-08-03,18,5908,0
nation,Northern Ireland,N92000002,2020-08-02,9,5890,0
nation,Northern Ireland,N92000002,2020-08-01,10,5881,0
nation,Northern Ireland,N92000002,2020-07-31,13,5871,0
nation,Northern Ireland,N92000002,2020-07-30,10,5858,0
nation,Northern Ireland,N92000002,2020-07-29,11,5848,0
nation,Northern Ireland,N92000002,2020-07-28,13,5837,0
nation,Northern Ireland,N92000002,2020-07-27,12,5824,0
nation,Northern Ireland,N92000002,2020-07-26,1,5812,0
nation,Northern Ireland,N92000002,2020-07-25,4,5811,0
nation,Northern Ireland,N92000002,2020-07-24,14,5807,0
nation,Northern Ireland,N92000002,2020-07-23,12,5793,0
nation,Northern Ireland,N92000002,2020-07-22,8,5781,0
nation,Northern Ireland,N92000002,2020-07-21,12,5773,0
nation,Northern Ireland,N92000002,2020-07-20,3,5761,0
nation,Northern Ireland,N92000002,2020-07-19,3,5758,0
nation,Northern Ireland,N92000002,2020-07-18,7,5755,0
nation,Northern Ireland,N92000002,2020-07-17,8,5748,0
nation,Northern Ireland,N92000002,2020-07-16,19,5740,0
nation,Northern Ireland,N92000002,2020-07-15,15,5721,0
nation,Northern Ireland,N92000002,2020-07-14,7,5706,0
nation,Northern Ireland,N92000002,2020-07-13,3,5699,0
nation,Northern Ireland,N92000002,2020-07-12,4,5696,1
nation,Northern Ireland,N92000002,2020-07-11,6,5692,0
nation,Northern Ireland,N92000002,2020-07-10,4,5686,0
nation,Northern Ireland,N92000002,2020-07-09,5,5682,1
nation,Northern Ireland,N92000002,2020-07-08,6,5677,0
nation,Northern Ireland,N92000002,2020-07-07,5,5671,0
nation,Northern Ireland,N92000002,2020-07-06,8,5666,0
nation,Northern Ireland,N92000002,2020-07-05,2,5658,0
nation,Northern Ireland,N92000002,2020-07-04,1,5656,0
nation,Northern Ireland,N92000002,2020-07-03,8,5655,2
nation,Northern Ireland,N92000002,2020-07-02,3,5647,0
nation,Northern Ireland,N92000002,2020-07-01,4,5644,1
nation,Northern Ireland,N92000002,2020-06-30,2,5640,0
nation,Northern Ireland,N92000002,2020-06-29,4,5638,1
nation,Northern Ireland,N92000002,2020-06-28,5,5634,0
nation,Northern Ireland,N92000002,2020-06-27,4,5629,0
nation,Northern Ireland,N92000002,2020-06-26,3,5625,2
nation,Northern Ireland,N92000002,2020-06-25,5,5622,1
nation,Northern Ireland,N92000002,2020-06-24,4,5617,0
nation,Northern Ireland,N92000002,2020-06-23,8,5613,1
nation,Northern Ireland,N92000002,2020-06-22,4,5605,1
nation,Northern Ireland,N92000002,2020-06-21,3,5601,0
nation,Northern Ireland,N92000002,2020-06-20,5,5598,0
nation,Northern Ireland,N92000002,2020-06-19,12,5593,1
nation,Northern Ireland,N92000002,2020-06-18,7,5581,1
nation,Northern Ireland,N92000002,2020-06-17,5,5574,1
nation,Northern Ireland,N92000002,2020-06-16,11,5569,1
nation,Northern Ireland,N92000002,2020-06-15,19,5558,0
nation,Northern Ireland,N92000002,2020-06-14,8,5539,0
nation,Northern Ireland,N92000002,2020-06-13,10,5531,1
nation,Northern Ireland,N92000002,2020-06-12,10,5521,1
nation,Northern Ireland,N92000002,2020-06-11,10,5511,2
nation,Northern Ireland,N92000002,2020-06-10,16,5501,0
nation,Northern Ireland,N92000002,2020-06-09,11,5485,0
nation,Northern Ireland,N92000002,2020-06-08,14,5474,0
nation,Northern Ireland,N92000002,2020-06-07,5,5460,0
nation,Northern Ireland,N92000002,2020-06-06,8,5455,0
nation,Northern Ireland,N92000002,2020-06-05,23,5447,1
nation,Northern Ireland,N92000002,2020-06-04,11,5424,0
nation,Northern Ireland,N92000002,2020-06-03,11,5413,2
nation,Northern Ireland,N92000002,2020-06-02,20,5402,2
nation,Northern Ireland,N92000002,2020-06-01,24,5382,1
nation,Northern Ireland,N92000002,2020-05-31,26,5358,1
nation,Northern Ireland,N92000002,2020-05-30,13,5332,2
nation,Northern Ireland,N92000002,2020-05-29,20,5319,1
nation,Northern Ireland,N92000002,2020-05-28,28,5299,3
nation,Northern Ireland,N92000002,2020-05-27,33,5271,4
nation,Northern Ireland,N92000002,2020-05-26,27,5238,1
nation,Northern Ireland,N92000002,2020-05-25,39,5211,1
nation,Northern Ireland,N92000002,2020-05-24,30,5172,7
nation,Northern Ireland,N92000002,2020-05-23,54,5142,2
nation,Northern Ireland,N92000002,2020-05-22,33,5088,1
nation,Northern Ireland,N92000002,2020-05-21,56,5055,4
nation,Northern Ireland,N92000002,2020-05-20,74,4999,5
nation,Northern Ireland,N92000002,2020-05-19,72,4925,5
nation,Northern Ireland,N92000002,2020-05-18,62,4853,7
nation,Northern Ireland,N92000002,2020-05-17,36,4791,7
nation,Northern Ireland,N92000002,2020-05-16,40,4755,4
nation,Northern Ireland,N92000002,2020-05-15,66,4715,3
nation,Northern Ireland,N92000002,2020-05-14,73,4649,10
nation,Northern Ireland,N92000002,2020-05-13,75,4576,3
nation,Northern Ireland,N92000002,2020-05-12,91,4501,4
nation,Northern Ireland,N92000002,2020-05-11,74,4410,2
nation,Northern Ireland,N92000002,2020-05-10,61,4336,10
nation,Northern Ireland,N92000002,2020-05-09,54,4275,7
nation,Northern Ireland,N92000002,2020-05-08,72,4221,6
nation,Northern Ireland,N92000002,2020-05-07,97,4149,3
nation,Northern Ireland,N92000002,2020-05-06,80,4052,3
nation,Northern Ireland,N92000002,2020-05-05,73,3972,6
nation,Northern Ireland,N92000002,2020-05-04,74,3899,9
nation,Northern Ireland,N92000002,2020-05-03,53,3825,11
nation,Northern Ireland,N92000002,2020-05-02,89,3772,12
nation,Northern Ireland,N92000002,2020-05-01,97,3683,12
nation,Northern Ireland,N92000002,2020-04-30,115,3586,8
nation,Northern Ireland,N92000002,2020-04-29,91,3471,14
nation,Northern Ireland,N92000002,2020-04-28,74,3380,6
nation,Northern Ireland,N92000002,2020-04-27,71,3306,13
nation,Northern Ireland,N92000002,2020-04-26,44,3235,14
nation,Northern Ireland,N92000002,2020-04-25,52,3191,15
nation,Northern Ireland,N92000002,2020-04-24,82,3139,11
nation,Northern Ireland,N92000002,2020-04-23,72,3057,16
nation,Northern Ireland,N92000002,2020-04-22,96,2985,19
nation,Northern Ireland,N92000002,2020-04-21,131,2889,13
nation,Northern Ireland,N92000002,2020-04-20,112,2758,12
nation,Northern Ireland,N92000002,2020-04-19,41,2646,10
nation,Northern Ireland,N92000002,2020-04-18,85,2605,10
nation,Northern Ireland,N92000002,2020-04-17,154,2520,9
nation,Northern Ireland,N92000002,2020-04-16,138,2366,11
nation,Northern Ireland,N92000002,2020-04-15,133,2228,16
nation,Northern Ireland,N92000002,2020-04-14,95,2095,12
nation,Northern Ireland,N92000002,2020-04-13,106,2000,7
nation,Northern Ireland,N92000002,2020-04-12,73,1894,16
nation,Northern Ireland,N92000002,2020-04-11,67,1821,11
nation,Northern Ireland,N92000002,2020-04-10,94,1754,11
nation,Northern Ireland,N92000002,2020-04-09,99,1660,18
nation,Northern Ireland,N92000002,2020-04-08,102,1561,4
nation,Northern Ireland,N92000002,2020-04-07,129,1459,8
nation,Northern Ireland,N92000002,2020-04-06,105,1330,6
nation,Northern Ireland,N92000002,2020-04-05,60,1225,11
nation,Northern Ireland,N92000002,2020-04-04,86,1165,9
nation,Northern Ireland,N92000002,2020-04-03,102,1079,10
nation,Northern Ireland,N92000002,2020-04-02,105,977,10
nation,Northern Ireland,N92000002,2020-04-01,102,872,4
nation,Northern Ireland,N92000002,2020-03-31,111,770,5
nation,Northern Ireland,N92000002,2020-03-30,84,659,4
nation,Northern Ireland,N92000002,2020-03-29,62,575,4
nation,Northern Ireland,N92000002,2020-03-28,76,513,8
nation,Northern Ireland,N92000002,2020-03-27,67,437,3
nation,Northern Ireland,N92000002,2020-03-26,76,370,2
nation,Northern Ireland,N92000002,2020-03-25,56,294,4
nation,Northern Ireland,N92000002,2020-03-24,41,238,2
nation,Northern Ireland,N92000002,2020-03-23,41,197,5
nation,Northern Ireland,N92000002,2020-03-22,18,156,1
nation,Northern Ireland,N92000002,2020-03-21,20,138,1
nation,Northern Ireland,N92000002,2020-03-20,17,118,0
nation,Northern Ireland,N92000002,2020-03-19,14,101,1
nation,Northern Ireland,N92000002,2020-03-18,13,87,1
nation,Northern Ireland,N92000002,2020-03-17,8,74,
nation,Northern Ireland,N92000002,2020-03-16,8,66,
nation,Northern Ireland,N92000002,2020-03-15,2,58,
nation,Northern Ireland,N92000002,2020-03-14,10,56,
nation,Northern Ireland,N92000002,2020-03-13,11,46,
nation,Northern Ireland,N92000002,2020-03-12,4,35,
nation,Northern Ireland,N92000002,2020-03-11,11,31,
nation,Northern Ireland,N92000002,2020-03-10,5,20,
nation,Northern Ireland,N92000002,2020-03-09,3,15,
nation,Northern Ireland,N92000002,2020-03-08,3,12,
nation,Northern Ireland,N92000002,2020-03-07,5,9,
nation,Northern Ireland,N92000002,2020-03-06,2,4,
nation,Northern Ireland,N92000002,2020-03-05,2,2,
nation,Northern Ireland,N92000002,2020-03-04,0,0,
nation,Northern Ireland,N92000002,2020-03-03,0,0,
nation,Northern Ireland,N92000002,2020-03-02,0,0,
nation,Northern Ireland,N92000002,2020-03-01,0,0,
nation,Northern Ireland,N92000002,2020-02-29,0,0,
nation,Northern Ireland,N92000002,2020-02-28,0,0,
nation,Northern Ireland,N92000002,2020-02-27,0,0,
nation,Northern Ireland,N92000002,2020-02-26,0,0,
nation,Northern Ireland,N92000002,2020-02-25,0,0,
nation,Northern Ireland,N92000002,2020-02-24,0,0,
nation,Northern Ireland,N92000002,2020-02-23,0,0,
nation,Northern Ireland,N92000002,2020-02-22,0,0,
nation,Northern Ireland,N92000002,2020-02-21,0,0,
nation,Northern Ireland,N92000002,2020-02-20,0,0,
nation,Northern Ireland,N92000002,2020-02-19,0,0,
nation,Northern Ireland,N92000002,2020-02-18,0,0,
nation,Northern Ireland,N92000002,2020-02-17,0,0,
nation,Northern Ireland,N92000002,2020-02-16,0,0,
nation,Northern Ireland,N92000002,2020-02-15,0,0,
nation,Northern Ireland,N92000002,2020-02-14,0,0,
nation,Northern Ireland,N92000002,2020-02-13,0,0,
nation,Northern Ireland,N92000002,2020-02-12,0,0,
nation,Northern Ireland,N92000002,2020-02-11,0,0,
nation,Northern Ireland,N92000002,2020-02-10,0,0,
nation,Northern Ireland,N92000002,2020-02-09,0,0,
nation,Northern Ireland,N92000002,2020-02-08,0,0,
nation,Northern Ireland,N92000002,2020-02-07,0,0,
nation,Northern Ireland,N92000002,2020-02-06,0,0,
nation,Northern Ireland,N92000002,2020-02-05,0,0,
nation,Northern Ireland,N92000002,2020-02-04,0,0,
nation,Northern Ireland,N92000002,2020-02-03,0,0,
nation,Scotland,S92000003,2021-04-15,59,223261,1
nation,Scotland,S92000003,2021-04-14,204,223202,1
nation,Scotland,S92000003,2021-04-13,259,222998,0
nation,Scotland,S92000003,2021-04-12,253,222739,0
nation,Scotland,S92000003,2021-04-11,210,222486,2
nation,Scotland,S92000003,2021-04-10,226,222276,2
nation,Scotland,S92000003,2021-04-09,266,222050,1
nation,Scotland,S92000003,2021-04-08,282,221784,1
nation,Scotland,S92000003,2021-04-07,280,221502,2
nation,Scotland,S92000003,2021-04-06,356,221222,2
nation,Scotland,S92000003,2021-04-05,293,220866,4
nation,Scotland,S92000003,2021-04-04,253,220573,1
nation,Scotland,S92000003,2021-04-03,278,220320,2
nation,Scotland,S92000003,2021-04-02,348,220042,2
nation,Scotland,S92000003,2021-04-01,414,219694,1
nation,Scotland,S92000003,2021-03-31,392,219280,2
nation,Scotland,S92000003,2021-03-30,394,218888,2
nation,Scotland,S92000003,2021-03-29,516,218494,5
nation,Scotland,S92000003,2021-03-28,357,217978,5
nation,Scotland,S92000003,2021-03-27,387,217621,5
nation,Scotland,S92000003,2021-03-26,477,217234,5
nation,Scotland,S92000003,2021-03-25,572,216757,7
nation,Scotland,S92000003,2021-03-24,540,216185,4
nation,Scotland,S92000003,2021-03-23,605,215645,3
nation,Scotland,S92000003,2021-03-22,682,215040,2
nation,Scotland,S92000003,2021-03-21,464,214358,4
nation,Scotland,S92000003,2021-03-20,456,213894,5
nation,Scotland,S92000003,2021-03-19,544,213438,6
nation,Scotland,S92000003,2021-03-18,552,212894,3
nation,Scotland,S92000003,2021-03-17,599,212342,8
nation,Scotland,S92000003,2021-03-16,572,211743,11
nation,Scotland,S92000003,2021-03-15,690,211171,1
nation,Scotland,S92000003,2021-03-14,445,210481,7
nation,Scotland,S92000003,2021-03-13,463,210036,4
nation,Scotland,S92000003,2021-03-12,585,209573,6
nation,Scotland,S92000003,2021-03-11,663,208988,7
nation,Scotland,S92000003,2021-03-10,624,208325,5
nation,Scotland,S92000003,2021-03-09,654,207701,10
nation,Scotland,S92000003,2021-03-08,588,207047,15
nation,Scotland,S92000003,2021-03-07,434,206459,10
nation,Scotland,S92000003,2021-03-06,477,206025,10
nation,Scotland,S92000003,2021-03-05,464,205548,8
nation,Scotland,S92000003,2021-03-04,558,205084,14
nation,Scotland,S92000003,2021-03-03,495,204526,11
nation,Scotland,S92000003,2021-03-02,519,204031,13
nation,Scotland,S92000003,2021-03-01,546,203512,20
nation,Scotland,S92000003,2021-02-28,425,202966,9
nation,Scotland,S92000003,2021-02-27,413,202541,18
nation,Scotland,S92000003,2021-02-26,521,202128,16
nation,Scotland,S92000003,2021-02-25,629,201607,20
nation,Scotland,S92000003,2021-02-24,700,200978,17
nation,Scotland,S92000003,2021-02-23,696,200278,16
nation,Scotland,S92000003,2021-02-22,790,199582,22
nation,Scotland,S92000003,2021-02-21,611,198792,20
nation,Scotland,S92000003,2021-02-20,660,198181,27
nation,Scotland,S92000003,2021-02-19,891,197521,44
nation,Scotland,S92000003,2021-02-18,879,196630,34
nation,Scotland,S92000003,2021-02-17,828,195751,28
nation,Scotland,S92000003,2021-02-16,907,194923,25
nation,Scotland,S92000003,2021-02-15,965,194016,34
nation,Scotland,S92000003,2021-02-14,682,193051,33
nation,Scotland,S92000003,2021-02-13,542,192369,32
nation,Scotland,S92000003,2021-02-12,903,191827,41
nation,Scotland,S92000003,2021-02-11,845,190924,34
nation,Scotland,S92000003,2021-02-10,845,190079,37
nation,Scotland,S92000003,2021-02-09,757,189234,48
nation,Scotland,S92000003,2021-02-08,994,188477,41
nation,Scotland,S92000003,2021-02-07,657,187483,42
nation,Scotland,S92000003,2021-02-06,699,186826,51
nation,Scotland,S92000003,2021-02-05,938,186127,44
nation,Scotland,S92000003,2021-02-04,901,185189,32
nation,Scotland,S92000003,2021-02-03,928,184288,48
nation,Scotland,S92000003,2021-02-02,1050,183360,42
nation,Scotland,S92000003,2021-02-01,1100,182310,43
nation,Scotland,S92000003,2021-01-31,814,181210,47
nation,Scotland,S92000003,2021-01-30,785,180396,44
nation,Scotland,S92000003,2021-01-29,963,179611,58
nation,Scotland,S92000003,2021-01-28,1120,178648,47
nation,Scotland,S92000003,2021-01-27,1113,177528,60
nation,Scotland,S92000003,2021-01-26,1175,176415,52
nation,Scotland,S92000003,2021-01-25,1322,175240,52
nation,Scotland,S92000003,2021-01-24,862,173918,70
nation,Scotland,S92000003,2021-01-23,937,173056,53
nation,Scotland,S92000003,2021-01-22,1243,172119,67
nation,Scotland,S92000003,2021-01-21,1242,170876,57
nation,Scotland,S92000003,2021-01-20,1586,169634,66
nation,Scotland,S92000003,2021-01-19,1557,168048,70
nation,Scotland,S92000003,2021-01-18,1737,166491,63
nation,Scotland,S92000003,2021-01-17,1198,164754,43
nation,Scotland,S92000003,2021-01-16,1176,163556,76
nation,Scotland,S92000003,2021-01-15,1553,162380,58
nation,Scotland,S92000003,2021-01-14,1624,160827,57
nation,Scotland,S92000003,2021-01-13,1710,159203,51
nation,Scotland,S92000003,2021-01-12,1984,157493,51
nation,Scotland,S92000003,2021-01-11,2101,155509,48
nation,Scotland,S92000003,2021-01-10,1430,153408,59
nation,Scotland,S92000003,2021-01-09,1498,151978,38
nation,Scotland,S92000003,2021-01-08,1839,150480,42
nation,Scotland,S92000003,2021-01-07,2202,148641,44
nation,Scotland,S92000003,2021-01-06,2554,146439,48
nation,Scotland,S92000003,2021-01-05,3058,143885,40
nation,Scotland,S92000003,2021-01-04,2385,140827,37
nation,Scotland,S92000003,2021-01-03,2223,138442,42
nation,Scotland,S92000003,2021-01-02,2218,136219,42
nation,Scotland,S92000003,2021-01-01,1167,134001,35
nation,Scotland,S92000003,2020-12-31,2379,132834,44
nation,Scotland,S92000003,2020-12-30,2973,130455,32
nation,Scotland,S92000003,2020-12-29,3146,127482,26
nation,Scotland,S92000003,2020-12-28,1825,124336,30
nation,Scotland,S92000003,2020-12-27,1705,122511,34
nation,Scotland,S92000003,2020-12-26,1058,120806,34
nation,Scotland,S92000003,2020-12-25,520,119748,35
nation,Scotland,S92000003,2020-12-24,1022,119228,36
nation,Scotland,S92000003,2020-12-23,1322,118206,34
nation,Scotland,S92000003,2020-12-22,1333,116884,28
nation,Scotland,S92000003,2020-12-21,1322,115551,25
nation,Scotland,S92000003,2020-12-20,824,114229,29
nation,Scotland,S92000003,2020-12-19,757,113405,28
nation,Scotland,S92000003,2020-12-18,930,112648,23
nation,Scotland,S92000003,2020-12-17,912,111718,36
nation,Scotland,S92000003,2020-12-16,1051,110806,31
nation,Scotland,S92000003,2020-12-15,1034,109755,32
nation,Scotland,S92000003,2020-12-14,1100,108721,31
nation,Scotland,S92000003,2020-12-13,721,107621,26
nation,Scotland,S92000003,2020-12-12,687,106900,23
nation,Scotland,S92000003,2020-12-11,880,106213,20
nation,Scotland,S92000003,2020-12-10,907,105333,23
nation,Scotland,S92000003,2020-12-09,1008,104426,23
nation,Scotland,S92000003,2020-12-08,1047,103418,28
nation,Scotland,S92000003,2020-12-07,959,102371,29
nation,Scotland,S92000003,2020-12-06,645,101412,29
nation,Scotland,S92000003,2020-12-05,668,100767,19
nation,Scotland,S92000003,2020-12-04,649,100099,28
nation,Scotland,S92000003,2020-12-03,810,99450,36
nation,Scotland,S92000003,2020-12-02,951,98640,20
nation,Scotland,S92000003,2020-12-01,933,97689,27
nation,Scotland,S92000003,2020-11-30,974,96756,32
nation,Scotland,S92000003,2020-11-29,556,95782,28
nation,Scotland,S92000003,2020-11-28,573,95226,41
nation,Scotland,S92000003,2020-11-27,740,94653,24
nation,Scotland,S92000003,2020-11-26,807,93913,23
nation,Scotland,S92000003,2020-11-25,933,93106,32
nation,Scotland,S92000003,2020-11-24,994,92173,30
nation,Scotland,S92000003,2020-11-23,1162,91179,31
nation,Scotland,S92000003,2020-11-22,709,90017,36
nation,Scotland,S92000003,2020-11-21,765,89308,33
nation,Scotland,S92000003,2020-11-20,866,88543,29
nation,Scotland,S92000003,2020-11-19,985,87677,26
nation,Scotland,S92000003,2020-11-18,1118,86692,24
nation,Scotland,S92000003,2020-11-17,1226,85574,36
nation,Scotland,S92000003,2020-11-16,1279,84348,33
nation,Scotland,S92000003,2020-11-15,817,83069,34
nation,Scotland,S92000003,2020-11-14,919,82252,40
nation,Scotland,S92000003,2020-11-13,1063,81333,37
nation,Scotland,S92000003,2020-11-12,1197,80270,32
nation,Scotland,S92000003,2020-11-11,1251,79073,36
nation,Scotland,S92000003,2020-11-10,1292,77822,34
nation,Scotland,S92000003,2020-11-09,1296,76530,40
nation,Scotland,S92000003,2020-11-08,878,75234,35
nation,Scotland,S92000003,2020-11-07,849,74356,37
nation,Scotland,S92000003,2020-11-06,1144,73507,26
nation,Scotland,S92000003,2020-11-05,1299,72363,40
nation,Scotland,S92000003,2020-11-04,1304,71064,19
nation,Scotland,S92000003,2020-11-03,1396,69760,34
nation,Scotland,S92000003,2020-11-02,1479,68364,28
nation,Scotland,S92000003,2020-11-01,974,66885,34
nation,Scotland,S92000003,2020-10-31,745,65911,25
nation,Scotland,S92000003,2020-10-30,1105,65166,35
nation,Scotland,S92000003,2020-10-29,1100,64061,27
nation,Scotland,S92000003,2020-10-28,1269,62961,28
nation,Scotland,S92000003,2020-10-27,1312,61692,16
nation,Scotland,S92000003,2020-10-26,1346,60380,30
nation,Scotland,S92000003,2020-10-25,941,59034,22
nation,Scotland,S92000003,2020-10-24,959,58093,20
nation,Scotland,S92000003,2020-10-23,1287,57134,17
nation,Scotland,S92000003,2020-10-22,1503,55847,17
nation,Scotland,S92000003,2020-10-21,1581,54344,11
nation,Scotland,S92000003,2020-10-20,1686,52763,17
nation,Scotland,S92000003,2020-10-19,1360,51077,15
nation,Scotland,S92000003,2020-10-18,829,49717,21
nation,Scotland,S92000003,2020-10-17,863,48888,10
nation,Scotland,S92000003,2020-10-16,1253,48025,19
nation,Scotland,S92000003,2020-10-15,1294,46772,16
nation,Scotland,S92000003,2020-10-14,1294,45478,6
nation,Scotland,S92000003,2020-10-13,1424,44184,11
nation,Scotland,S92000003,2020-10-12,1363,42760,8
nation,Scotland,S92000003,2020-10-11,961,41397,10
nation,Scotland,S92000003,2020-10-10,945,40436,10
nation,Scotland,S92000003,2020-10-09,1095,39491,6
nation,Scotland,S92000003,2020-10-08,1171,38396,11
nation,Scotland,S92000003,2020-10-07,1252,37225,9
nation,Scotland,S92000003,2020-10-06,1193,35973,4
nation,Scotland,S92000003,2020-10-05,1099,34780,2
nation,Scotland,S92000003,2020-10-04,745,33681,3
nation,Scotland,S92000003,2020-10-03,702,32936,3
nation,Scotland,S92000003,2020-10-02,818,32234,1
nation,Scotland,S92000003,2020-10-01,777,31416,5
nation,Scotland,S92000003,2020-09-30,793,30639,4
nation,Scotland,S92000003,2020-09-29,661,29846,1
nation,Scotland,S92000003,2020-09-28,624,29185,3
nation,Scotland,S92000003,2020-09-27,360,28561,2
nation,Scotland,S92000003,2020-09-26,437,28201,2
nation,Scotland,S92000003,2020-09-25,577,27764,1
nation,Scotland,S92000003,2020-09-24,716,27187,2
nation,Scotland,S92000003,2020-09-23,572,26471,1
nation,Scotland,S92000003,2020-09-22,497,25899,2
nation,Scotland,S92000003,2020-09-21,454,25402,2
nation,Scotland,S92000003,2020-09-20,320,24948,3
nation,Scotland,S92000003,2020-09-19,236,24628,0
nation,Scotland,S92000003,2020-09-18,270,24392,2
nation,Scotland,S92000003,2020-09-17,265,24122,1
nation,Scotland,S92000003,2020-09-16,280,23857,0
nation,Scotland,S92000003,2020-09-15,238,23577,0
nation,Scotland,S92000003,2020-09-14,186,23339,3
nation,Scotland,S92000003,2020-09-13,178,23153,1
nation,Scotland,S92000003,2020-09-12,214,22975,0
nation,Scotland,S92000003,2020-09-11,216,22761,0
nation,Scotland,S92000003,2020-09-10,231,22545,0
nation,Scotland,S92000003,2020-09-09,223,22314,0
nation,Scotland,S92000003,2020-09-08,103,22091,0
nation,Scotland,S92000003,2020-09-07,167,21988,0
nation,Scotland,S92000003,2020-09-06,154,21821,0
nation,Scotland,S92000003,2020-09-05,137,21667,0
nation,Scotland,S92000003,2020-09-04,170,21530,1
nation,Scotland,S92000003,2020-09-03,202,21360,1
nation,Scotland,S92000003,2020-09-02,192,21158,1
nation,Scotland,S92000003,2020-09-01,199,20966,0
nation,Scotland,S92000003,2020-08-31,143,20767,0
nation,Scotland,S92000003,2020-08-30,102,20624,0
nation,Scotland,S92000003,2020-08-29,94,20522,0
nation,Scotland,S92000003,2020-08-28,105,20428,1
nation,Scotland,S92000003,2020-08-27,97,20323,0
nation,Scotland,S92000003,2020-08-26,98,20226,0
nation,Scotland,S92000003,2020-08-25,72,20128,0
nation,Scotland,S92000003,2020-08-24,59,20056,0
nation,Scotland,S92000003,2020-08-23,67,19997,1
nation,Scotland,S92000003,2020-08-22,51,19930,1
nation,Scotland,S92000003,2020-08-21,91,19879,0
nation,Scotland,S92000003,2020-08-20,141,19788,0
nation,Scotland,S92000003,2020-08-19,93,19647,1
nation,Scotland,S92000003,2020-08-18,78,19554,0
nation,Scotland,S92000003,2020-08-17,75,19476,0
nation,Scotland,S92000003,2020-08-16,33,19401,0
nation,Scotland,S92000003,2020-08-15,20,19368,0
nation,Scotland,S92000003,2020-08-14,50,19348,0
nation,Scotland,S92000003,2020-08-13,59,19298,0
nation,Scotland,S92000003,2020-08-12,49,19239,0
nation,Scotland,S92000003,2020-08-11,63,19190,0
nation,Scotland,S92000003,2020-08-10,59,19127,0
nation,Scotland,S92000003,2020-08-09,26,19068,0
nation,Scotland,S92000003,2020-08-08,27,19042,0
nation,Scotland,S92000003,2020-08-07,46,19015,0
nation,Scotland,S92000003,2020-08-06,65,18969,0
nation,Scotland,S92000003,2020-08-05,67,18904,0
nation,Scotland,S92000003,2020-08-04,58,18837,0
nation,Scotland,S92000003,2020-08-03,62,18779,0
nation,Scotland,S92000003,2020-08-02,19,18717,0
nation,Scotland,S92000003,2020-08-01,23,18698,0
nation,Scotland,S92000003,2020-07-31,21,18675,0
nation,Scotland,S92000003,2020-07-30,27,18654,0
nation,Scotland,S92000003,2020-07-29,28,18627,0
nation,Scotland,S92000003,2020-07-28,22,18599,0
nation,Scotland,S92000003,2020-07-27,13,18577,0
nation,Scotland,S92000003,2020-07-26,7,18564,0
nation,Scotland,S92000003,2020-07-25,3,18557,1
nation,Scotland,S92000003,2020-07-24,11,18554,0
nation,Scotland,S92000003,2020-07-23,23,18543,0
nation,Scotland,S92000003,2020-07-22,16,18520,0
nation,Scotland,S92000003,2020-07-21,19,18504,0
nation,Scotland,S92000003,2020-07-20,13,18485,0
nation,Scotland,S92000003,2020-07-19,17,18472,0
nation,Scotland,S92000003,2020-07-18,13,18455,0
nation,Scotland,S92000003,2020-07-17,8,18442,0
nation,Scotland,S92000003,2020-07-16,21,18434,0
nation,Scotland,S92000003,2020-07-15,16,18413,0
nation,Scotland,S92000003,2020-07-14,10,18397,0
nation,Scotland,S92000003,2020-07-13,17,18387,0
nation,Scotland,S92000003,2020-07-12,2,18370,0
nation,Scotland,S92000003,2020-07-11,9,18368,0
nation,Scotland,S92000003,2020-07-10,12,18359,0
nation,Scotland,S92000003,2020-07-09,8,18347,0
nation,Scotland,S92000003,2020-07-08,10,18339,0
nation,Scotland,S92000003,2020-07-07,11,18329,0
nation,Scotland,S92000003,2020-07-06,8,18318,0
nation,Scotland,S92000003,2020-07-05,2,18310,1
nation,Scotland,S92000003,2020-07-04,5,18308,0
nation,Scotland,S92000003,2020-07-03,6,18303,1
nation,Scotland,S92000003,2020-07-02,13,18297,0
nation,Scotland,S92000003,2020-07-01,11,18284,0
nation,Scotland,S92000003,2020-06-30,8,18273,0
nation,Scotland,S92000003,2020-06-29,14,18265,1
nation,Scotland,S92000003,2020-06-28,3,18251,1
nation,Scotland,S92000003,2020-06-27,4,18248,4
nation,Scotland,S92000003,2020-06-26,6,18244,0
nation,Scotland,S92000003,2020-06-25,19,18238,0
nation,Scotland,S92000003,2020-06-24,8,18219,1
nation,Scotland,S92000003,2020-06-23,20,18211,1
nation,Scotland,S92000003,2020-06-22,11,18191,3
nation,Scotland,S92000003,2020-06-21,9,18180,2
nation,Scotland,S92000003,2020-06-20,6,18171,3
nation,Scotland,S92000003,2020-06-19,23,18165,0
nation,Scotland,S92000003,2020-06-18,14,18142,3
nation,Scotland,S92000003,2020-06-17,33,18128,3
nation,Scotland,S92000003,2020-06-16,17,18095,6
nation,Scotland,S92000003,2020-06-15,21,18078,3
nation,Scotland,S92000003,2020-06-14,13,18057,4
nation,Scotland,S92000003,2020-06-13,23,18044,3
nation,Scotland,S92000003,2020-06-12,30,18021,2
nation,Scotland,S92000003,2020-06-11,21,17991,2
nation,Scotland,S92000003,2020-06-10,29,17970,5
nation,Scotland,S92000003,2020-06-09,27,17941,1
nation,Scotland,S92000003,2020-06-08,18,17914,6
nation,Scotland,S92000003,2020-06-07,17,17896,7
nation,Scotland,S92000003,2020-06-06,22,17879,3
nation,Scotland,S92000003,2020-06-05,24,17857,9
nation,Scotland,S92000003,2020-06-04,35,17833,2
nation,Scotland,S92000003,2020-06-03,35,17798,8
nation,Scotland,S92000003,2020-06-02,45,17763,6
nation,Scotland,S92000003,2020-06-01,38,17718,3
nation,Scotland,S92000003,2020-05-31,23,17680,6
nation,Scotland,S92000003,2020-05-30,40,17657,6
nation,Scotland,S92000003,2020-05-29,29,17617,11
nation,Scotland,S92000003,2020-05-28,55,17588,16
nation,Scotland,S92000003,2020-05-27,66,17533,16
nation,Scotland,S92000003,2020-05-26,77,17467,14
nation,Scotland,S92000003,2020-05-25,97,17390,14
nation,Scotland,S92000003,2020-05-24,54,17293,8
nation,Scotland,S92000003,2020-05-23,50,17239,11
nation,Scotland,S92000003,2020-05-22,92,17189,17
nation,Scotland,S92000003,2020-05-21,111,17097,24
nation,Scotland,S92000003,2020-05-20,121,16986,22
nation,Scotland,S92000003,2020-05-19,182,16865,28
nation,Scotland,S92000003,2020-05-18,140,16683,23
nation,Scotland,S92000003,2020-05-17,92,16543,26
nation,Scotland,S92000003,2020-05-16,103,16451,29
nation,Scotland,S92000003,2020-05-15,152,16348,26
nation,Scotland,S92000003,2020-05-14,212,16196,35
nation,Scotland,S92000003,2020-05-13,198,15984,42
nation,Scotland,S92000003,2020-05-12,230,15786,31
nation,Scotland,S92000003,2020-05-11,262,15556,32
nation,Scotland,S92000003,2020-05-10,150,15294,28
nation,Scotland,S92000003,2020-05-09,177,15144,34
nation,Scotland,S92000003,2020-05-08,254,14967,34
nation,Scotland,S92000003,2020-05-07,290,14713,40
nation,Scotland,S92000003,2020-05-06,306,14423,43
nation,Scotland,S92000003,2020-05-05,289,14117,50
nation,Scotland,S92000003,2020-05-04,330,13828,40
nation,Scotland,S92000003,2020-05-03,189,13498,37
nation,Scotland,S92000003,2020-05-02,217,13309,44
nation,Scotland,S92000003,2020-05-01,368,13092,48
nation,Scotland,S92000003,2020-04-30,335,12724,43
nation,Scotland,S92000003,2020-04-29,430,12389,38
nation,Scotland,S92000003,2020-04-28,380,11959,40
nation,Scotland,S92000003,2020-04-27,430,11579,60
nation,Scotland,S92000003,2020-04-26,172,11149,43
nation,Scotland,S92000003,2020-04-25,184,10977,48
nation,Scotland,S92000003,2020-04-24,305,10793,38
nation,Scotland,S92000003,2020-04-23,314,10488,49
nation,Scotland,S92000003,2020-04-22,340,10174,46
nation,Scotland,S92000003,2020-04-21,399,9834,51
nation,Scotland,S92000003,2020-04-20,776,9435,61
nation,Scotland,S92000003,2020-04-19,159,8659,46
nation,Scotland,S92000003,2020-04-18,264,8500,52
nation,Scotland,S92000003,2020-04-17,394,8236,38
nation,Scotland,S92000003,2020-04-16,427,7842,43
nation,Scotland,S92000003,2020-04-15,331,7415,42
nation,Scotland,S92000003,2020-04-14,346,7084,51
nation,Scotland,S92000003,2020-04-13,359,6738,41
nation,Scotland,S92000003,2020-04-12,220,6379,47
nation,Scotland,S92000003,2020-04-11,185,6159,51
nation,Scotland,S92000003,2020-04-10,329,5974,58
nation,Scotland,S92000003,2020-04-09,304,5645,66
nation,Scotland,S92000003,2020-04-08,343,5341,54
nation,Scotland,S92000003,2020-04-07,351,4998,49
nation,Scotland,S92000003,2020-04-06,404,4647,63
nation,Scotland,S92000003,2020-04-05,225,4243,47
nation,Scotland,S92000003,2020-04-04,259,4018,28
nation,Scotland,S92000003,2020-04-03,379,3759,58
nation,Scotland,S92000003,2020-04-02,351,3380,36
nation,Scotland,S92000003,2020-04-01,388,3029,46
nation,Scotland,S92000003,2020-03-31,340,2641,38
nation,Scotland,S92000003,2020-03-30,320,2301,30
nation,Scotland,S92000003,2020-03-29,197,1981,20
nation,Scotland,S92000003,2020-03-28,205,1784,29
nation,Scotland,S92000003,2020-03-27,274,1579,11
nation,Scotland,S92000003,2020-03-26,223,1305,12
nation,Scotland,S92000003,2020-03-25,188,1082,11
nation,Scotland,S92000003,2020-03-24,168,894,7
nation,Scotland,S92000003,2020-03-23,138,726,4
nation,Scotland,S92000003,2020-03-22,75,588,5
nation,Scotland,S92000003,2020-03-21,66,513,6
nation,Scotland,S92000003,2020-03-20,83,447,5
nation,Scotland,S92000003,2020-03-19,49,364,3
nation,Scotland,S92000003,2020-03-18,41,315,0
nation,Scotland,S92000003,2020-03-17,43,274,2
nation,Scotland,S92000003,2020-03-16,21,231,1
nation,Scotland,S92000003,2020-03-15,12,210,0
nation,Scotland,S92000003,2020-03-14,19,198,2
nation,Scotland,S92000003,2020-03-13,48,179,0
nation,Scotland,S92000003,2020-03-12,38,131,1
nation,Scotland,S92000003,2020-03-11,26,93,0
nation,Scotland,S92000003,2020-03-10,21,67,0
nation,Scotland,S92000003,2020-03-09,16,46,0
nation,Scotland,S92000003,2020-03-08,3,30,0
nation,Scotland,S92000003,2020-03-07,6,27,0
nation,Scotland,S92000003,2020-03-06,6,21,0
nation,Scotland,S92000003,2020-03-05,2,15,0
nation,Scotland,S92000003,2020-03-04,6,13,0
nation,Scotland,S92000003,2020-03-03,3,7,0
nation,Scotland,S92000003,2020-03-02,1,4,0
nation,Scotland,S92000003,2020-03-01,2,3,0
nation,Scotland,S92000003,2020-02-29,0,1,0
nation,Scotland,S92000003,2020-02-28,1,1,
nation,Wales,W92000004,2021-04-15,,,0
nation,Wales,W92000004,2021-04-14,30,210729,0
nation,Wales,W92000004,2021-04-13,62,210699,0
nation,Wales,W92000004,2021-04-12,106,210637,2
nation,Wales,W92000004,2021-04-11,54,210531,0
nation,Wales,W92000004,2021-04-10,50,210477,2
nation,Wales,W92000004,2021-04-09,72,210427,2
nation,Wales,W92000004,2021-04-08,90,210355,1
nation,Wales,W92000004,2021-04-07,105,210265,0
nation,Wales,W92000004,2021-04-06,105,210160,2
nation,Wales,W92000004,2021-04-05,72,210055,1
nation,Wales,W92000004,2021-04-04,76,209983,0
nation,Wales,W92000004,2021-04-03,58,209907,0
nation,Wales,W92000004,2021-04-02,63,209849,5
nation,Wales,W92000004,2021-04-01,94,209786,2
nation,Wales,W92000004,2021-03-31,108,209692,0
nation,Wales,W92000004,2021-03-30,137,209584,0
nation,Wales,W92000004,2021-03-29,123,209447,2
nation,Wales,W92000004,2021-03-28,103,209324,1
nation,Wales,W92000004,2021-03-27,87,209221,1
nation,Wales,W92000004,2021-03-26,152,209134,1
nation,Wales,W92000004,2021-03-25,199,208982,1
nation,Wales,W92000004,2021-03-24,190,208783,2
nation,Wales,W92000004,2021-03-23,163,208593,1
nation,Wales,W92000004,2021-03-22,198,208430,3
nation,Wales,W92000004,2021-03-21,139,208232,3
nation,Wales,W92000004,2021-03-20,152,208093,0
nation,Wales,W92000004,2021-03-19,177,207941,7
nation,Wales,W92000004,2021-03-18,219,207764,2
nation,Wales,W92000004,2021-03-17,183,207545,5
nation,Wales,W92000004,2021-03-16,183,207362,3
nation,Wales,W92000004,2021-03-15,196,207179,4
nation,Wales,W92000004,2021-03-14,158,206983,8
nation,Wales,W92000004,2021-03-13,190,206825,4
nation,Wales,W92000004,2021-03-12,206,206635,4
nation,Wales,W92000004,2021-03-11,228,206429,2
nation,Wales,W92000004,2021-03-10,202,206201,7
nation,Wales,W92000004,2021-03-09,165,205999,4
nation,Wales,W92000004,2021-03-08,258,205834,6
nation,Wales,W92000004,2021-03-07,146,205576,6
nation,Wales,W92000004,2021-03-06,169,205430,8
nation,Wales,W92000004,2021-03-05,131,205261,4
nation,Wales,W92000004,2021-03-04,199,205130,8
nation,Wales,W92000004,2021-03-03,209,204931,6
nation,Wales,W92000004,2021-03-02,237,204722,13
nation,Wales,W92000004,2021-03-01,244,204485,10
nation,Wales,W92000004,2021-02-28,207,204241,3
nation,Wales,W92000004,2021-02-27,139,204034,12
nation,Wales,W92000004,2021-02-26,202,203895,13
nation,Wales,W92000004,2021-02-25,225,203693,14
nation,Wales,W92000004,2021-02-24,264,203468,12
nation,Wales,W92000004,2021-02-23,288,203204,14
nation,Wales,W92000004,2021-02-22,336,202916,13
nation,Wales,W92000004,2021-02-21,273,202580,15
nation,Wales,W92000004,2021-02-20,267,202307,15
nation,Wales,W92000004,2021-02-19,310,202040,18
nation,Wales,W92000004,2021-02-18,343,201730,11
nation,Wales,W92000004,2021-02-17,373,201387,13
nation,Wales,W92000004,2021-02-16,442,201014,12
nation,Wales,W92000004,2021-02-15,453,200572,18
nation,Wales,W92000004,2021-02-14,289,200119,21
nation,Wales,W92000004,2021-02-13,282,199830,19
nation,Wales,W92000004,2021-02-12,407,199548,25
nation,Wales,W92000004,2021-02-11,377,199141,16
nation,Wales,W92000004,2021-02-10,450,198764,20
nation,Wales,W92000004,2021-02-09,464,198314,18
nation,Wales,W92000004,2021-02-08,492,197850,17
nation,Wales,W92000004,2021-02-07,284,197358,18
nation,Wales,W92000004,2021-02-06,359,197074,27
nation,Wales,W92000004,2021-02-05,501,196715,23
nation,Wales,W92000004,2021-02-04,501,196214,22
nation,Wales,W92000004,2021-02-03,583,195713,27
nation,Wales,W92000004,2021-02-02,599,195130,33
nation,Wales,W92000004,2021-02-01,612,194531,29
nation,Wales,W92000004,2021-01-31,460,193919,22
nation,Wales,W92000004,2021-01-30,486,193459,22
nation,Wales,W92000004,2021-01-29,598,192973,42
nation,Wales,W92000004,2021-01-28,658,192375,29
nation,Wales,W92000004,2021-01-27,704,191717,22
nation,Wales,W92000004,2021-01-26,730,191013,37
nation,Wales,W92000004,2021-01-25,846,190283,27
nation,Wales,W92000004,2021-01-24,396,189437,34
nation,Wales,W92000004,2021-01-23,541,189041,33
nation,Wales,W92000004,2021-01-22,772,188500,39
nation,Wales,W92000004,2021-01-21,909,187728,34
nation,Wales,W92000004,2021-01-20,971,186819,38
nation,Wales,W92000004,2021-01-19,1081,185848,26
nation,Wales,W92000004,2021-01-18,1397,184767,43
nation,Wales,W92000004,2021-01-17,825,183370,26
nation,Wales,W92000004,2021-01-16,1005,182545,40
nation,Wales,W92000004,2021-01-15,1212,181540,42
nation,Wales,W92000004,2021-01-14,1311,180328,54
nation,Wales,W92000004,2021-01-13,1463,179017,43
nation,Wales,W92000004,2021-01-12,1601,177554,48
nation,Wales,W92000004,2021-01-11,1735,175953,54
nation,Wales,W92000004,2021-01-10,1178,174218,40
nation,Wales,W92000004,2021-01-09,1142,173040,34
nation,Wales,W92000004,2021-01-08,1596,171898,45
nation,Wales,W92000004,2021-01-07,1663,170302,41
nation,Wales,W92000004,2021-01-06,1990,168639,48
nation,Wales,W92000004,2021-01-05,2384,166649,40
nation,Wales,W92000004,2021-01-04,2658,164265,37
nation,Wales,W92000004,2021-01-03,1809,161607,53
nation,Wales,W92000004,2021-01-02,2087,159798,34
nation,Wales,W92000004,2021-01-01,1211,157711,58
nation,Wales,W92000004,2020-12-31,2010,156500,51
nation,Wales,W92000004,2020-12-30,2699,154490,50
nation,Wales,W92000004,2020-12-29,3563,151791,41
nation,Wales,W92000004,2020-12-28,2356,148228,49
nation,Wales,W92000004,2020-12-27,2496,145872,29
nation,Wales,W92000004,2020-12-26,1893,143376,43
nation,Wales,W92000004,2020-12-25,643,141483,33
nation,Wales,W92000004,2020-12-24,1473,140840,45
nation,Wales,W92000004,2020-12-23,2443,139367,34
nation,Wales,W92000004,2020-12-22,2705,136924,35
nation,Wales,W92000004,2020-12-21,2744,134219,37
nation,Wales,W92000004,2020-12-20,2208,131475,35
nation,Wales,W92000004,2020-12-19,2170,129267,34
nation,Wales,W92000004,2020-12-18,2537,127097,48
nation,Wales,W92000004,2020-12-17,2776,124560,48
nation,Wales,W92000004,2020-12-16,3141,121784,34
nation,Wales,W92000004,2020-12-15,3181,118643,33
nation,Wales,W92000004,2020-12-14,3539,115462,30
nation,Wales,W92000004,2020-12-13,2734,111923,22
nation,Wales,W92000004,2020-12-12,2285,109189,33
nation,Wales,W92000004,2020-12-11,2812,106904,26
nation,Wales,W92000004,2020-12-10,2664,104092,33
nation,Wales,W92000004,2020-12-09,2692,101428,25
nation,Wales,W92000004,2020-12-08,2602,98736,25
nation,Wales,W92000004,2020-12-07,2511,96134,20
nation,Wales,W92000004,2020-12-06,1697,93623,25
nation,Wales,W92000004,2020-12-05,1533,91926,20
nation,Wales,W92000004,2020-12-04,1698,90393,26
nation,Wales,W92000004,2020-12-03,1806,88695,27
nation,Wales,W92000004,2020-12-02,1644,86889,22
nation,Wales,W92000004,2020-12-01,1611,85245,19
nation,Wales,W92000004,2020-11-30,1505,83634,17
nation,Wales,W92000004,2020-11-29,966,82129,26
nation,Wales,W92000004,2020-11-28,844,81163,32
nation,Wales,W92000004,2020-11-27,1035,80319,26
nation,Wales,W92000004,2020-11-26,1159,79284,30
nation,Wales,W92000004,2020-11-25,1337,78125,17
nation,Wales,W92000004,2020-11-24,1093,76788,18
nation,Wales,W92000004,2020-11-23,1031,75695,25
nation,Wales,W92000004,2020-11-22,717,74664,27
nation,Wales,W92000004,2020-11-21,680,73947,28
nation,Wales,W92000004,2020-11-20,936,73267,21
nation,Wales,W92000004,2020-11-19,920,72331,26
nation,Wales,W92000004,2020-11-18,987,71411,18
nation,Wales,W92000004,2020-11-17,1040,70424,29
nation,Wales,W92000004,2020-11-16,993,69384,23
nation,Wales,W92000004,2020-11-15,628,68391,25
nation,Wales,W92000004,2020-11-14,628,67763,19
nation,Wales,W92000004,2020-11-13,859,67135,30
nation,Wales,W92000004,2020-11-12,772,66276,28
nation,Wales,W92000004,2020-11-11,855,65504,29
nation,Wales,W92000004,2020-11-10,963,64649,28
nation,Wales,W92000004,2020-11-09,1011,63686,29
nation,Wales,W92000004,2020-11-08,696,62675,29
nation,Wales,W92000004,2020-11-07,605,61979,15
nation,Wales,W92000004,2020-11-06,877,61374,26
nation,Wales,W92000004,2020-11-05,1017,60497,31
nation,Wales,W92000004,2020-11-04,1094,59480,22
nation,Wales,W92000004,2020-11-03,1234,58386,23
nation,Wales,W92000004,2020-11-02,1410,57152,17
nation,Wales,W92000004,2020-11-01,948,55742,28
nation,Wales,W92000004,2020-10-31,879,54794,12
nation,Wales,W92000004,2020-10-30,1241,53915,14
nation,Wales,W92000004,2020-10-29,1583,52674,21
nation,Wales,W92000004,2020-10-28,1357,51091,11
nation,Wales,W92000004,2020-10-27,1478,49734,23
nation,Wales,W92000004,2020-10-26,1556,48256,15
nation,Wales,W92000004,2020-10-25,940,46700,16
nation,Wales,W92000004,2020-10-24,1025,45760,15
nation,Wales,W92000004,2020-10-23,1197,44735,11
nation,Wales,W92000004,2020-10-22,1056,43538,28
nation,Wales,W92000004,2020-10-21,1266,42482,13
nation,Wales,W92000004,2020-10-20,1237,41216,4
nation,Wales,W92000004,2020-10-19,1111,39979,13
nation,Wales,W92000004,2020-10-18,716,38868,11
nation,Wales,W92000004,2020-10-17,708,38152,4
nation,Wales,W92000004,2020-10-16,952,37444,6
nation,Wales,W92000004,2020-10-15,791,36492,7
nation,Wales,W92000004,2020-10-14,904,35701,7
nation,Wales,W92000004,2020-10-13,952,34797,8
nation,Wales,W92000004,2020-10-12,782,33845,4
nation,Wales,W92000004,2020-10-11,626,33063,4
nation,Wales,W92000004,2020-10-10,619,32437,3
nation,Wales,W92000004,2020-10-09,782,31818,6
nation,Wales,W92000004,2020-10-08,827,31036,6
nation,Wales,W92000004,2020-10-07,851,30209,11
nation,Wales,W92000004,2020-10-06,771,29358,4
nation,Wales,W92000004,2020-10-05,703,28587,10
nation,Wales,W92000004,2020-10-04,614,27884,3
nation,Wales,W92000004,2020-10-03,518,27270,8
nation,Wales,W92000004,2020-10-02,601,26752,2
nation,Wales,W92000004,2020-10-01,627,26151,5
nation,Wales,W92000004,2020-09-30,601,25524,4
nation,Wales,W92000004,2020-09-29,466,24923,4
nation,Wales,W92000004,2020-09-28,426,24457,3
nation,Wales,W92000004,2020-09-27,317,24031,3
nation,Wales,W92000004,2020-09-26,403,23714,2
nation,Wales,W92000004,2020-09-25,385,23311,1
nation,Wales,W92000004,2020-09-24,316,22926,0
nation,Wales,W92000004,2020-09-23,378,22610,3
nation,Wales,W92000004,2020-09-22,379,22232,3
nation,Wales,W92000004,2020-09-21,313,21853,1
nation,Wales,W92000004,2020-09-20,252,21540,1
nation,Wales,W92000004,2020-09-19,280,21288,0
nation,Wales,W92000004,2020-09-18,246,21008,0
nation,Wales,W92000004,2020-09-17,261,20762,2
nation,Wales,W92000004,2020-09-16,207,20501,2
nation,Wales,W92000004,2020-09-15,164,20294,2
nation,Wales,W92000004,2020-09-14,191,20130,0
nation,Wales,W92000004,2020-09-13,164,19939,1
nation,Wales,W92000004,2020-09-12,140,19775,0
nation,Wales,W92000004,2020-09-11,145,19635,1
nation,Wales,W92000004,2020-09-10,186,19490,0
nation,Wales,W92000004,2020-09-09,158,19304,0
nation,Wales,W92000004,2020-09-08,143,19146,0
nation,Wales,W92000004,2020-09-07,159,19003,0
nation,Wales,W92000004,2020-09-06,131,18844,0
nation,Wales,W92000004,2020-09-05,128,18713,0
nation,Wales,W92000004,2020-09-04,149,18585,0
nation,Wales,W92000004,2020-09-03,125,18436,1
nation,Wales,W92000004,2020-09-02,95,18311,0
nation,Wales,W92000004,2020-09-01,57,18216,0
nation,Wales,W92000004,2020-08-31,44,18159,2
nation,Wales,W92000004,2020-08-30,46,18115,0
nation,Wales,W92000004,2020-08-29,44,18069,0
nation,Wales,W92000004,2020-08-28,52,18025,0
nation,Wales,W92000004,2020-08-27,50,17973,0
nation,Wales,W92000004,2020-08-26,44,17923,0
nation,Wales,W92000004,2020-08-25,50,17879,0
nation,Wales,W92000004,2020-08-24,36,17829,1
nation,Wales,W92000004,2020-08-23,11,17793,0
nation,Wales,W92000004,2020-08-22,19,17782,1
nation,Wales,W92000004,2020-08-21,22,17763,0
nation,Wales,W92000004,2020-08-20,31,17741,0
nation,Wales,W92000004,2020-08-19,35,17710,0
nation,Wales,W92000004,2020-08-18,38,17675,2
nation,Wales,W92000004,2020-08-17,19,17637,0
nation,Wales,W92000004,2020-08-16,18,17618,0
nation,Wales,W92000004,2020-08-15,10,17600,0
nation,Wales,W92000004,2020-08-14,17,17590,1
nation,Wales,W92000004,2020-08-13,17,17573,1
nation,Wales,W92000004,2020-08-12,24,17556,1
nation,Wales,W92000004,2020-08-11,27,17532,0
nation,Wales,W92000004,2020-08-10,19,17505,2
nation,Wales,W92000004,2020-08-09,8,17486,0
nation,Wales,W92000004,2020-08-08,5,17478,2
nation,Wales,W92000004,2020-08-07,15,17473,5
nation,Wales,W92000004,2020-08-06,22,17458,0
nation,Wales,W92000004,2020-08-05,22,17436,3
nation,Wales,W92000004,2020-08-04,24,17414,4
nation,Wales,W92000004,2020-08-03,22,17390,1
nation,Wales,W92000004,2020-08-02,14,17368,2
nation,Wales,W92000004,2020-08-01,16,17354,2
nation,Wales,W92000004,2020-07-31,16,17338,4
nation,Wales,W92000004,2020-07-30,30,17322,2
nation,Wales,W92000004,2020-07-29,27,17292,4
nation,Wales,W92000004,2020-07-28,27,17265,2
nation,Wales,W92000004,2020-07-27,23,17238,1
nation,Wales,W92000004,2020-07-26,35,17215,2
nation,Wales,W92000004,2020-07-25,24,17180,2
nation,Wales,W92000004,2020-07-24,30,17156,1
nation,Wales,W92000004,2020-07-23,31,17126,0
nation,Wales,W92000004,2020-07-22,25,17095,1
nation,Wales,W92000004,2020-07-21,61,17070,1
nation,Wales,W92000004,2020-07-20,43,17009,0
nation,Wales,W92000004,2020-07-19,10,16966,0
nation,Wales,W92000004,2020-07-18,11,16956,0
nation,Wales,W92000004,2020-07-17,17,16945,0
nation,Wales,W92000004,2020-07-16,25,16928,1
nation,Wales,W92000004,2020-07-15,18,16903,0
nation,Wales,W92000004,2020-07-14,23,16885,1
nation,Wales,W92000004,2020-07-13,24,16862,2
nation,Wales,W92000004,2020-07-12,10,16838,0
nation,Wales,W92000004,2020-07-11,12,16828,1
nation,Wales,W92000004,2020-07-10,29,16816,0
nation,Wales,W92000004,2020-07-09,22,16787,1
nation,Wales,W92000004,2020-07-08,14,16765,1
nation,Wales,W92000004,2020-07-07,29,16751,1
nation,Wales,W92000004,2020-07-06,35,16722,2
nation,Wales,W92000004,2020-07-05,12,16687,2
nation,Wales,W92000004,2020-07-04,9,16675,2
nation,Wales,W92000004,2020-07-03,19,16666,0
nation,Wales,W92000004,2020-07-02,28,16647,3
nation,Wales,W92000004,2020-07-01,27,16619,4
nation,Wales,W92000004,2020-06-30,35,16592,4
nation,Wales,W92000004,2020-06-29,43,16557,3
nation,Wales,W92000004,2020-06-28,28,16514,2
nation,Wales,W92000004,2020-06-27,140,16486,6
nation,Wales,W92000004,2020-06-26,19,16346,2
nation,Wales,W92000004,2020-06-25,60,16327,9
nation,Wales,W92000004,2020-06-24,37,16267,6
nation,Wales,W92000004,2020-06-23,131,16230,1
nation,Wales,W92000004,2020-06-22,66,16099,2
nation,Wales,W92000004,2020-06-21,76,16033,5
nation,Wales,W92000004,2020-06-20,47,15957,3
nation,Wales,W92000004,2020-06-19,140,15910,4
nation,Wales,W92000004,2020-06-18,62,15770,0
nation,Wales,W92000004,2020-06-17,64,15708,1
nation,Wales,W92000004,2020-06-16,82,15644,8
nation,Wales,W92000004,2020-06-15,66,15562,6
nation,Wales,W92000004,2020-06-14,54,15496,6
nation,Wales,W92000004,2020-06-13,70,15442,6
nation,Wales,W92000004,2020-06-12,75,15372,4
nation,Wales,W92000004,2020-06-11,66,15297,5
nation,Wales,W92000004,2020-06-10,67,15231,7
nation,Wales,W92000004,2020-06-09,62,15164,4
nation,Wales,W92000004,2020-06-08,74,15102,7
nation,Wales,W92000004,2020-06-07,34,15028,8
nation,Wales,W92000004,2020-06-06,53,14994,9
nation,Wales,W92000004,2020-06-05,55,14941,4
nation,Wales,W92000004,2020-06-04,60,14886,12
nation,Wales,W92000004,2020-06-03,75,14826,7
nation,Wales,W92000004,2020-06-02,73,14751,5
nation,Wales,W92000004,2020-06-01,64,14678,9
nation,Wales,W92000004,2020-05-31,46,14614,7
nation,Wales,W92000004,2020-05-30,70,14568,10
nation,Wales,W92000004,2020-05-29,106,14498,11
nation,Wales,W92000004,2020-05-28,102,14392,16
nation,Wales,W92000004,2020-05-27,118,14290,6
nation,Wales,W92000004,2020-05-26,102,14172,10
nation,Wales,W92000004,2020-05-25,105,14070,10
nation,Wales,W92000004,2020-05-24,82,13965,12
nation,Wales,W92000004,2020-05-23,122,13883,7
nation,Wales,W92000004,2020-05-22,137,13761,10
nation,Wales,W92000004,2020-05-21,132,13624,9
nation,Wales,W92000004,2020-05-20,166,13492,7
nation,Wales,W92000004,2020-05-19,213,13326,11
nation,Wales,W92000004,2020-05-18,168,13113,10
nation,Wales,W92000004,2020-05-17,118,12945,11
nation,Wales,W92000004,2020-05-16,166,12827,13
nation,Wales,W92000004,2020-05-15,179,12661,16
nation,Wales,W92000004,2020-05-14,132,12482,12
nation,Wales,W92000004,2020-05-13,153,12350,16
nation,Wales,W92000004,2020-05-12,150,12197,11
nation,Wales,W92000004,2020-05-11,178,12047,15
nation,Wales,W92000004,2020-05-10,107,11869,10
nation,Wales,W92000004,2020-05-09,136,11762,7
nation,Wales,W92000004,2020-05-08,115,11626,13
nation,Wales,W92000004,2020-05-07,176,11511,19
nation,Wales,W92000004,2020-05-06,171,11335,23
nation,Wales,W92000004,2020-05-05,175,11164,17
nation,Wales,W92000004,2020-05-04,139,10989,23
nation,Wales,W92000004,2020-05-03,105,10850,14
nation,Wales,W92000004,2020-05-02,179,10745,14
nation,Wales,W92000004,2020-05-01,176,10566,29
nation,Wales,W92000004,2020-04-30,200,10390,16
nation,Wales,W92000004,2020-04-29,176,10190,26
nation,Wales,W92000004,2020-04-28,153,10014,15
nation,Wales,W92000004,2020-04-27,172,9861,16
nation,Wales,W92000004,2020-04-26,121,9689,16
nation,Wales,W92000004,2020-04-25,136,9568,29
nation,Wales,W92000004,2020-04-24,213,9432,31
nation,Wales,W92000004,2020-04-23,201,9219,18
nation,Wales,W92000004,2020-04-22,253,9018,23
nation,Wales,W92000004,2020-04-21,259,8765,30
nation,Wales,W92000004,2020-04-20,281,8506,25
nation,Wales,W92000004,2020-04-19,181,8225,26
nation,Wales,W92000004,2020-04-18,247,8044,32
nation,Wales,W92000004,2020-04-17,324,7797,29
nation,Wales,W92000004,2020-04-16,363,7473,35
nation,Wales,W92000004,2020-04-15,361,7110,38
nation,Wales,W92000004,2020-04-14,317,6749,26
nation,Wales,W92000004,2020-04-13,273,6432,43
nation,Wales,W92000004,2020-04-12,247,6159,37
nation,Wales,W92000004,2020-04-11,247,5912,31
nation,Wales,W92000004,2020-04-10,308,5665,25
nation,Wales,W92000004,2020-04-09,391,5357,43
nation,Wales,W92000004,2020-04-08,386,4966,42
nation,Wales,W92000004,2020-04-07,386,4580,32
nation,Wales,W92000004,2020-04-06,383,4194,20
nation,Wales,W92000004,2020-04-05,223,3811,30
nation,Wales,W92000004,2020-04-04,282,3588,31
nation,Wales,W92000004,2020-04-03,330,3306,29
nation,Wales,W92000004,2020-04-02,336,2976,28
nation,Wales,W92000004,2020-04-01,327,2640,21
nation,Wales,W92000004,2020-03-31,277,2313,15
nation,Wales,W92000004,2020-03-30,343,2036,16
nation,Wales,W92000004,2020-03-29,159,1693,18
nation,Wales,W92000004,2020-03-28,167,1534,15
nation,Wales,W92000004,2020-03-27,193,1367,10
nation,Wales,W92000004,2020-03-26,177,1174,11
nation,Wales,W92000004,2020-03-25,190,997,10
nation,Wales,W92000004,2020-03-24,141,807,9
nation,Wales,W92000004,2020-03-23,133,666,4
nation,Wales,W92000004,2020-03-22,76,533,5
nation,Wales,W92000004,2020-03-21,75,457,7
nation,Wales,W92000004,2020-03-20,73,382,2
nation,Wales,W92000004,2020-03-19,60,309,3
nation,Wales,W92000004,2020-03-18,36,249,0
nation,Wales,W92000004,2020-03-17,37,213,0
nation,Wales,W92000004,2020-03-16,37,176,3
nation,Wales,W92000004,2020-03-15,32,139,
nation,Wales,W92000004,2020-03-14,19,107,
nation,Wales,W92000004,2020-03-13,28,88,
nation,Wales,W92000004,2020-03-12,25,60,
nation,Wales,W92000004,2020-03-11,15,35,
nation,Wales,W92000004,2020-03-10,12,20,
nation,Wales,W92000004,2020-03-09,3,8,
nation,Wales,W92000004,2020-03-08,1,5,
nation,Wales,W92000004,2020-03-07,2,4,
nation,Wales,W92000004,2020-03-06,0,2,
nation,Wales,W92000004,2020-03-05,0,2,
nation,Wales,W92000004,2020-03-04,1,2,
nation,Wales,W92000004,2020-03-03,0,1,
nation,Wales,W92000004,2020-03-02,0,1,
nation,Wales,W92000004,2020-03-01,0,1,
nation,Wales,W92000004,2020-02-29,0,1,
nation,Wales,W92000004,2020-02-28,0,1,
nation,Wales,W92000004,2020-02-27,1,1,

